feature	metadata	value	coef	stderr	N	N.not.0	pval	qval
X1.1.1.271.RXN...expasy..GDP.L.fucose.synthase..1.1.1.271..g__Lachnospiraceae_unclassified.s__Lachnospiraceae_bacterium_28_4	Condition	Infected	-1	0	6	1	0	0
RXN0.1342...expasy..S.adenosylmethionine.tRNA.ribosyltransferase.isomerase..2.4.99.17..g__Lachnospiraceae_unclassified.s__Lachnospiraceae_bacterium_28_4	Condition	Infected	-1	0	6	1	0	0
GLYCOLATE.REDUCTASE.RXN...expasy..Glyoxylate.reductase..1.1.1.26..unclassified	Condition	Infected	-1	3.04047097224406e-17	6	1	5.12760658271018e-66	2.07018569765952e-62
PHENYLALANINE..TRNA.LIGASE.RXN...expasy..Phenylalanine..tRNA.ligase..6.1.1.20..g__Anaerotruncus.s__Anaerotruncus_sp_G3_2012	Condition	Infected	-1	4.56070645836609e-17	6	1	2.59585083249706e-65	7.8602363208011e-62
ENZRXN.201.RXN...expasy..Alcohol.dehydrogenase..NADP......1.1.1.2..unclassified	Condition	Infected	-1	6.79869977755259e-17	6	1	1.28190164567755e-64	1.94079909155582e-61
IMIDPHOSDEHYD.RXN...expasy..Imidazoleglycerol.phosphate.dehydratase..4.2.1.19..g__Lachnospiraceae_unclassified.s__Lachnospiraceae_bacterium_28_4	Condition	Infected	-1	6.79869977755259e-17	6	1	1.28190164567755e-64	1.94079909155582e-61
RXN.12299...expasy..Alcohol.dehydrogenase..NADP......1.1.1.2..unclassified	Condition	Infected	-1	6.79869977755259e-17	6	1	1.28190164567755e-64	1.94079909155582e-61
RXN0.7154...expasy..Alcohol.dehydrogenase..NADP......1.1.1.2..unclassified	Condition	Infected	-1	6.79869977755259e-17	6	1	1.28190164567755e-64	1.94079909155582e-61
X4.4.1.25.RXN...expasy..L.cysteate.sulfo.lyase..4.4.1.25..unclassified	Condition	Infected	-1	9.12141291673218e-17	6	1	4.15336133199533e-64	5.58950138368082e-61
ARGININE..TRNA.LIGASE.RXN...expasy..Arginine..tRNA.ligase..6.1.1.19..g__Lachnospiraceae_unclassified.s__Lachnospiraceae_bacterium_28_4	Condition	Infected	-1	1.01980496663289e-16	6	1	6.48962708124269e-64	7.14566938254649e-61
S.ADENOSYLHOMOCYSTEINE.DEAMINASE.RXN...expasy..S.adenosylhomocysteine.deaminase..3.5.4.28..g__Lachnospiraceae_unclassified.s__Lachnospiraceae_bacterium_28_4	Condition	Infected	-1	1.01980496663289e-16	6	1	6.48962708124269e-64	7.14566938254649e-61
X3.11.1.3.RXN...expasy..Phosphonopyruvate.hydrolase..3.11.1.3..unclassified	Condition	Infected	-1	1.21618838889762e-16	6	1	1.31266728517383e-63	7.20751494211471e-61
X3.4.11.4.RXN...expasy..Tripeptide.aminopeptidase..3.4.11.4..g__Lachnospiraceae_unclassified.s__Lachnospiraceae_bacterium_28_4	Condition	Infected	-1	1.16914442451455e-16	6	1	1.12104720964539e-63	7.20751494211471e-61
X3.4.19.11.RXN...expasy..Gamma.D.glutamyl.meso.diaminopimelate.peptidase..3.4.19.11..unclassified	Condition	Infected	-1	1.21618838889762e-16	6	1	1.31266728517383e-63	7.20751494211471e-61
AMPSYN.RXN...expasy..Adenylosuccinate.lyase..4.3.2.2..g__Lachnospiraceae_unclassified.s__Lachnospiraceae_bacterium_28_4	Condition	Infected	-1	1.39331883786244e-16	6	1	2.26127450297522e-63	7.20751494211471e-61
CDPDIGLYSYN.RXN...expasy..Phosphatidate.cytidylyltransferase..2.7.7.41..g__Lachnospiraceae_unclassified.s__Lachnospiraceae_bacterium_28_4	Condition	Infected	-1	1.39331883786244e-16	6	1	2.26127450297522e-63	7.20751494211471e-61
ETHAMLY.RXN...expasy..Ethanolamine.ammonia.lyase..4.3.1.7..g__Anaerotruncus.s__Anaerotruncus_sp_G3_2012	Condition	Infected	-1	1.21618838889762e-16	6	1	1.31266728517383e-63	7.20751494211471e-61
GART.RXN...expasy..Phosphoribosylglycinamide.formyltransferase.1..2.1.2.2..g__Lachnospiraceae_unclassified.s__Lachnospiraceae_bacterium_28_4	Condition	Infected	-1	1.35973995551052e-16	6	1	2.0510426330841e-63	7.20751494211471e-61
GLUTACONATE.COA.TRANSFERASE.RXN...expasy..Glutaconate.CoA.transferase..2.8.3.12..unclassified	Condition	Infected	-1	1.21618838889762e-16	6	1	1.31266728517383e-63	7.20751494211471e-61
GLYC3PDEHYDROGBIOSYN.RXN...expasy..Glycerol.3.phosphate.dehydrogenase..NAD.P.......1.1.1.94..g__Lachnospiraceae_unclassified.s__Lachnospiraceae_bacterium_28_4	Condition	Infected	-1	1.39331883786244e-16	6	1	2.26127450297522e-63	7.20751494211471e-61
ISPH2.RXN...expasy..4.hydroxy.3.methylbut.2.enyl.diphosphate.reductase..1.17.7.4..g__Lachnospiraceae_unclassified.s__Lachnospiraceae_bacterium_28_4	Condition	Infected	-1	1.21618838889762e-16	6	1	1.31266728517383e-63	7.20751494211471e-61
PHOSNACMURPENTATRANS.RXN...metacyc..UDP.N.acetylmuramoyl.L.alanyl.D.glutamyl.meso.2.6.diaminopimelyl.D.alanyl.D.alanine.undecaprenyl.phosphate.transferase..2.7.8.13..g__Lachnospiraceae_unclassified.s__Lachnospiraceae_bacterium_28_4	Condition	Infected	-1	1.35973995551052e-16	6	1	2.0510426330841e-63	7.20751494211471e-61
RIBOSYLHOMOCYSTEINASE.RXN...expasy..S.ribosylhomocysteine.lyase..4.4.1.21..g__Acetatifactor.s__Acetatifactor_muris	Condition	Infected	-1	1.21618838889762e-16	6	1	1.31266728517383e-63	7.20751494211471e-61
RIBULP3EPIM.RXN...expasy..Ribulose.phosphate.3.epimerase..5.1.3.1..g__Lachnospiraceae_unclassified.s__Lachnospiraceae_bacterium_28_4	Condition	Infected	-1	1.39331883786244e-16	6	1	2.26127450297522e-63	7.20751494211471e-61
RXN.11347...expasy..Phospho.N.acetylmuramoyl.pentapeptide.transferase..2.7.8.13..g__Lachnospiraceae_unclassified.s__Lachnospiraceae_bacterium_28_4	Condition	Infected	-1	1.35973995551052e-16	6	1	2.0510426330841e-63	7.20751494211471e-61
RXN.12014...expasy..GPR.endopeptidase..3.4.24.78..g__Lachnospiraceae_unclassified.s__Lachnospiraceae_bacterium_28_4	Condition	Infected	-1	1.21618838889762e-16	6	1	1.31266728517383e-63	7.20751494211471e-61
RXN.12458...expasy..tRNA..guanine.37..N.1...methyltransferase..2.1.1.228..g__Lachnospiraceae_unclassified.s__Lachnospiraceae_bacterium_28_4	Condition	Infected	-1	1.35973995551052e-16	6	1	2.0510426330841e-63	7.20751494211471e-61
RXN.14385...expasy..Cysteine.desulfurase..2.8.1.7..g__Lachnospiraceae_unclassified.s__Lachnospiraceae_bacterium_28_4	Condition	Infected	-1	1.39331883786244e-16	6	1	2.26127450297522e-63	7.20751494211471e-61
RXN.21315...expasy..S.methyl.5.thioribose.1.phosphate.isomerase..5.3.1.23..g__Lachnospiraceae_unclassified.s__Lachnospiraceae_bacterium_28_4	Condition	Infected	-1	1.35973995551052e-16	6	1	2.0510426330841e-63	7.20751494211471e-61
RXN.21560...expasy..Cysteine.desulfurase..2.8.1.7..g__Lachnospiraceae_unclassified.s__Lachnospiraceae_bacterium_28_4	Condition	Infected	-1	1.39331883786244e-16	6	1	2.26127450297522e-63	7.20751494211471e-61
RXN.21566...expasy..Cysteine.desulfurase..2.8.1.7..g__Lachnospiraceae_unclassified.s__Lachnospiraceae_bacterium_28_4	Condition	Infected	-1	1.39331883786244e-16	6	1	2.26127450297522e-63	7.20751494211471e-61
RXN.8001...expasy..Histidinol.dehydrogenase..1.1.1.23..g__Lachnospiraceae_unclassified.s__Lachnospiraceae_bacterium_28_4	Condition	Infected	-1	1.22800779576321e-16	6	1	1.36444409383126e-63	7.20751494211471e-61
RXN.8975...expasy..Phospho.N.acetylmuramoyl.pentapeptide.transferase..2.7.8.13..g__Lachnospiraceae_unclassified.s__Lachnospiraceae_bacterium_28_4	Condition	Infected	-1	1.35973995551052e-16	6	1	2.0510426330841e-63	7.20751494211471e-61
RXN.9787...metacyc..cysteine..ThiI.sulfur.carrier.protein..L.cysteine.sulfurtransferase.desulfurase..2.8.1.7..g__Lachnospiraceae_unclassified.s__Lachnospiraceae_bacterium_28_4	Condition	Infected	-1	1.39331883786244e-16	6	1	2.26127450297522e-63	7.20751494211471e-61
RXN0.2023...expasy..tRNA.uridine.2.sulfurtransferase..2.8.1.13..g__Lachnospiraceae_unclassified.s__Lachnospiraceae_bacterium_28_4	Condition	Infected	-1	1.39331883786244e-16	6	1	2.26127450297522e-63	7.20751494211471e-61
RXN0.5515...expasy..Phosphatidate.cytidylyltransferase..2.7.7.41..g__Lachnospiraceae_unclassified.s__Lachnospiraceae_bacterium_28_4	Condition	Infected	-1	1.39331883786244e-16	6	1	2.26127450297522e-63	7.20751494211471e-61
RXN0.884...expasy..4.hydroxy.3.methylbut.2.enyl.diphosphate.reductase..1.17.7.4..g__Lachnospiraceae_unclassified.s__Lachnospiraceae_bacterium_28_4	Condition	Infected	-1	1.21618838889762e-16	6	1	1.31266728517383e-63	7.20751494211471e-61
RXN490.3616...metacyc..Aspartate..tRNA.ligase..6.1.1.23..g__Lachnospiraceae_unclassified.s__Lachnospiraceae_bacterium_28_4	Condition	Infected	-1	1.39331883786244e-16	6	1	2.26127450297522e-63	7.20751494211471e-61
DXPREDISOM.RXN...expasy..1.deoxy.D.xylulose.5.phosphate.reductoisomerase..1.1.1.267..g__Lachnospiraceae_unclassified.s__Lachnospiraceae_bacterium_28_4	Condition	Infected	-1	1.53395075199796e-16	6	1	3.32197926263421e-63	1.03168750843655e-60
X5.FORMYL.THF.CYCLO.LIGASE.RXN...expasy..5.formyltetrahydrofolate.cyclo.ligase..6.3.3.2..g__Anaerotruncus.s__Anaerotruncus_sp_G3_2012	Condition	Infected	-1	1.55777781789571e-16	6	1	3.53324141089878e-63	1.06986549922015e-60
GLYRIBONUCSYN.RXN...expasy..Phosphoribosylamine..glycine.ligase..6.3.4.13..g__Lachnospiraceae_unclassified.s__Lachnospiraceae_bacterium_28_4	Condition	Infected	-1	1.58717244408366e-16	6	1	3.80756836307377e-63	1.08734216251751e-60
NICONUCADENYLYLTRAN.RXN...expasy..Nicotinate.nucleotide.adenylyltransferase..2.7.7.18..g__Lachnospiraceae_unclassified.s__Lachnospiraceae_bacterium_28_4	Condition	Infected	-1	1.60181718295782e-16	6	1	3.95005409104778e-63	1.08734216251751e-60
PRIBFAICARPISOM.RXN...expasy..isomerase..5.3.1.16..g__Anaerotruncus.s__Anaerotruncus_sp_G3_2012	Condition	Infected	-1	1.59624726042813e-16	6	1	3.8953986555159e-63	1.08734216251751e-60
S.ADENMETSYN.RXN...expasy..Methionine.adenosyltransferase..2.5.1.6..g__Lachnospiraceae_unclassified.s__Lachnospiraceae_bacterium_28_4	Condition	Infected	-1	1.58717244408366e-16	6	1	3.80756836307377e-63	1.08734216251751e-60
GART.RXN...expasy..Phosphoribosylglycinamide.formyltransferase.1..2.1.2.2..g__Anaerotruncus.s__Anaerotruncus_sp_G3_2012	Condition	Infected	-1	1.63734372768427e-16	6	1	4.31231713605927e-63	1.16068411448777e-60
RXN.21315...expasy..S.methyl.5.thioribose.1.phosphate.isomerase..5.3.1.23..g__Oscillibacter.s__Oscillibacter_sp_1_3	Condition	Infected	-1	1.68087454273544e-16	6	1	4.78952505337603e-63	1.26110277057588e-60
X2.7.1.148.RXN...expasy..4..cytidine.5.diphospho..2.C.methyl.D.erythritol.kinase..2.7.1.148..g__Faecalibaculum.s__Faecalibaculum_rodentium.0.0.2.84904.0.0.0.2.7.1.148.RXN...expasy..4..cytidine.5.diphospho..2.C.methyl.D.erythritol.kinase..2.7.1.148..g__Lachnospiraceae_unclassified.s__Lachnospiraceae_bacterium_28_4	Condition	Infected	-1	1.82428258334644e-16	6	1	6.64537813119238e-63	1.4120845600878e-60
X3.1.26.4.RXN...expasy..Ribonuclease.H..3.1.26.4..g__Lachnospiraceae_unclassified.s__Lachnospiraceae_bacterium_28_4	Condition	Infected	-1	1.82428258334644e-16	6	1	6.64537813119257e-63	1.4120845600878e-60
X3.2.1.52.RXN...expasy..Beta.N.acetylhexosaminidase..3.2.1.52..g__Lachnospiraceae_unclassified.s__Lachnospiraceae_bacterium_28_4	Condition	Infected	-1	1.82428258334644e-16	6	1	6.64537813119257e-63	1.4120845600878e-60
X3.4.21.53.RXN...expasy..Endopeptidase.La..3.4.21.53..g__Lachnospiraceae_unclassified.s__Lachnospiraceae_bacterium_28_4	Condition	Infected	-1	1.82428258334644e-16	6	1	6.64537813119238e-63	1.4120845600878e-60
ARABISOM.RXN...expasy..L.arabinose.isomerase..5.3.1.4..g__Lachnospiraceae_unclassified.s__Lachnospiraceae_bacterium_28_4	Condition	Infected	-1	1.82428258334644e-16	6	1	6.64537813119238e-63	1.4120845600878e-60
CTPSYN.RXN...expasy..CTP.synthase..glutamine.hydrolyzing...6.3.4.2..g__Lachnospiraceae_unclassified.s__Lachnospiraceae_bacterium_28_4	Condition	Infected	-1	1.82428258334644e-16	6	1	6.64537813119257e-63	1.4120845600878e-60
GLUC1PADENYLTRANS.RXN...expasy..Glucose.1.phosphate.adenylyltransferase..2.7.7.27..g__Lachnospiraceae_unclassified.s__Lachnospiraceae_bacterium_28_4	Condition	Infected	-1	1.82428258334644e-16	6	1	6.64537813119238e-63	1.4120845600878e-60
RXN.21432...expasy..Beta.N.acetylhexosaminidase..3.2.1.52..g__Lachnospiraceae_unclassified.s__Lachnospiraceae_bacterium_28_4	Condition	Infected	-1	1.82428258334644e-16	6	1	6.64537813119257e-63	1.4120845600878e-60
RXN0.6366...expasy...Ribosomal.protein.S12...aspartate.89..C.3...methylthiotransferase..2.8.4.4..g__Lachnospiraceae_unclassified.s__Lachnospiraceae_bacterium_28_4	Condition	Infected	-1	1.82428258334644e-16	6	1	6.64537813119238e-63	1.4120845600878e-60
SHIKIMATE.5.DEHYDROGENASE.RXN...expasy..Shikimate.dehydrogenase..1.1.1.25..g__Lachnospiraceae_unclassified.s__Lachnospiraceae_bacterium_28_4	Condition	Infected	-1	1.82428258334644e-16	6	1	6.64537813119238e-63	1.4120845600878e-60
TDCEACT.RXN...expasy...Formate.C.acetyltransferase..activating.enzyme..1.97.1.4..g__Lachnospiraceae_unclassified.s__Lachnospiraceae_bacterium_28_4	Condition	Infected	-1	1.82428258334644e-16	6	1	6.64537813119257e-63	1.4120845600878e-60
NAD.KIN.RXN...expasy..NAD....kinase..2.7.1.23..g__Lachnospiraceae_unclassified.s__Lachnospiraceae_bacterium_28_4	Condition	Infected	-1	1.88847578076052e-16	6	1	7.63127191199819e-63	1.59362009307107e-60
DTDPDEHYRHAMREDUCT.RXN...expasy..dTDP.4.dehydrorhamnose.reductase..1.1.1.133..g__Lachnospiraceae_unclassified.s__Lachnospiraceae_bacterium_28_4	Condition	Infected	-1	1.97813249417443e-16	6	1	9.18697973730716e-63	1.88597794200448e-60
DEOXYRIBOSE.P.ALD.RXN...expasy..Deoxyribose.phosphate.aldolase..4.1.2.4..g__Lachnospiraceae_unclassified.s__Lachnospiraceae_bacterium_28_4	Condition	Infected	-1	2.08997825679366e-16	6	1	1.14477021713122e-62	2.23636401127312e-60
GALACTOKIN.RXN...expasy..Galactokinase..2.7.1.6..g__Lachnospiraceae_unclassified.s__Lachnospiraceae_bacterium_28_4	Condition	Infected	-1	2.08997825679366e-16	6	1	1.14477021713122e-62	2.23636401127312e-60
RXN0.1321...expasy..tRNA.guanosine.34..preQ.1..transglycosylase..2.4.2.29..g__Lachnospiraceae_unclassified.s__Lachnospiraceae_bacterium_28_4	Condition	Infected	-1	2.08997825679366e-16	6	1	1.14477021713122e-62	2.23636401127312e-60
RXN.11592...expasy..23S.rRNA..pseudouridine.1915..N.3...methyltransferase..2.1.1.177..g__Lachnospiraceae_unclassified.s__Lachnospiraceae_bacterium_28_4	Condition	Infected	-1	2.37468374255728e-16	6	1	1.90798240942647e-62	3.66817189571006e-60
AZOBENZENE.REDUCTASE.RXN...expasy..Azobenzene.reductase..1.7.1.6..unclassified	Condition	Infected	-1	2.43237677779525e-16	6	1	2.10026765627814e-62	3.91360643889858e-60
NADPH.DEHYDROGENASE.FLAVIN.RXN...expasy..Flavin.reductase..NADPH...1.5.1.30..unclassified	Condition	Infected	-1	2.43237677779525e-16	6	1	2.10026765627814e-62	3.91360643889858e-60
PYRAMKIN.RXN...expasy..Pyridoxal.kinase..2.7.1.35..g__Lachnospiraceae_unclassified.s__Lachnospiraceae_bacterium_28_4	Condition	Infected	-1	2.4933715849191e-16	6	1	2.31899212457184e-62	4.13053420776679e-60
PYRIDOXKIN.RXN...expasy..Pyridoxal.kinase..2.7.1.35..g__Lachnospiraceae_unclassified.s__Lachnospiraceae_bacterium_28_4	Condition	Infected	-1	2.4933715849191e-16	6	1	2.31899212457184e-62	4.13053420776679e-60
SERINE.O.ACETTRAN.RXN...expasy..Serine.O.acetyltransferase..2.3.1.30..g__Lachnospiraceae_unclassified.s__Lachnospiraceae_bacterium_28_4	Condition	Infected	-1	2.48502997890491e-16	6	1	2.28811463946995e-62	4.13053420776679e-60
METHGLYSYN.RXN...expasy..Methylglyoxal.synthase..4.2.3.3..g__Lachnospiraceae_unclassified.s__Lachnospiraceae_bacterium_28_4	Condition	Infected	-1	2.52217101052071e-16	6	1	2.42800383873746e-62	4.26202644852001e-60
GLUCOSAMINE.6.P.DEAMIN.RXN...expasy..Glucosamine.6.phosphate.deaminase..3.5.99.6..g__Lachnospiraceae_unclassified.s__Lachnospiraceae_bacterium_28_4	Condition	Infected	-1	2.67233011317612e-16	6	1	3.05993127577352e-62	5.29455537316697e-60
PRPPAMIDOTRANS.RXN...expasy..Amidophosphoribosyltransferase..2.4.2.14..g__Lachnospiraceae_unclassified.s__Lachnospiraceae_bacterium_28_4	Condition	Infected	-1	2.71947991102104e-16	6	1	3.28166821293458e-62	5.59824864719207e-60
X3.5.1.27.RXN...expasy..Peptide.deformylase..3.5.1.88..g__Lachnospiraceae_unclassified.s__Lachnospiraceae_bacterium_28_4	Condition	Infected	-1	2.78663767572488e-16	6	1	3.61803920476038e-62	5.76601195369181e-60
X3.5.1.88.RXN...expasy..Peptide.deformylase..3.5.1.88..g__Lachnospiraceae_unclassified.s__Lachnospiraceae_bacterium_28_4	Condition	Infected	-1	2.78663767572488e-16	6	1	3.61803920476038e-62	5.76601195369181e-60
GMP.SYN.GLUT.RXN...expasy..GMP.synthase..glutamine.hydrolyzing...6.3.5.2..g__Anaerotruncus.s__Anaerotruncus_sp_G3_2012	Condition	Infected	-1	2.78663767572488e-16	6	1	3.61803920476038e-62	5.76601195369181e-60
RXN.11633...expasy..16S.rRNA..adenine.1518..N.6..adenine.1519..N.6...dimethyltransferase..2.1.1.182..g__Lachnospiraceae_unclassified.s__Lachnospiraceae_bacterium_28_4	Condition	Infected	-1	2.78663767572488e-16	6	1	3.61803920476038e-62	5.76601195369181e-60
RXN0.2584...expasy..Uracil.DNA.glycosylase..3.2.2.27..g__Lachnospiraceae_unclassified.s__Lachnospiraceae_bacterium_28_4	Condition	Infected	-1	2.78663767572488e-16	6	1	3.61803920476038e-62	5.76601195369181e-60
X3.1.13.1.RXN...expasy..Exoribonuclease.II..3.1.13.1..g__Lachnospiraceae_unclassified.s__Lachnospiraceae_bacterium_28_4	Condition	Infected	-1	2.85101156778867e-16	6	1	3.96412342605467e-62	6.00168286704677e-60
RXN0.6479...expasy..Exoribonuclease.II..3.1.13.1..g__Lachnospiraceae_unclassified.s__Lachnospiraceae_bacterium_28_4	Condition	Infected	-1	2.85101156778867e-16	6	1	3.96412342605467e-62	6.00168286704677e-60
RXN0.6524...expasy..Exoribonuclease.II..3.1.13.1..g__Lachnospiraceae_unclassified.s__Lachnospiraceae_bacterium_28_4	Condition	Infected	-1	2.85101156778867e-16	6	1	3.96412342605467e-62	6.00168286704677e-60
RXN0.6525...expasy..Exoribonuclease.II..3.1.13.1..g__Lachnospiraceae_unclassified.s__Lachnospiraceae_bacterium_28_4	Condition	Infected	-1	2.85101156778867e-16	6	1	3.96412342605467e-62	6.00168286704677e-60
DALADALALIG.RXN...expasy..D.alanine..D.alanine.ligase..6.3.2.4..g__Lachnospiraceae_unclassified.s__Lachnospiraceae_bacterium_28_4	Condition	Infected	-1	2.97904098389673e-16	6	1	4.72560222662577e-62	6.57890737573464e-60
DIHYDROXYISOVALDEHYDRAT.RXN...expasy..Dihydroxy.acid.dehydratase..4.2.1.9..g__Lachnospiraceae_unclassified.s__Lachnospiraceae_bacterium_28_4	Condition	Infected	-1	2.97904098389673e-16	6	1	4.72560222662577e-62	6.57890737573464e-60
DIHYDROXYMETVALDEHYDRAT.RXN...metacyc..2.3.Dihydroxy.3.methylvalerate.dehydratase..4.2.1.9..g__Lachnospiraceae_unclassified.s__Lachnospiraceae_bacterium_28_4	Condition	Infected	-1	2.97904098389673e-16	6	1	4.72560222662577e-62	6.57890737573464e-60
GLURS.RXN...expasy..Glutamate..tRNA.ligase..6.1.1.17..g__Lachnospiraceae_unclassified.s__Lachnospiraceae_bacterium_28_4	Condition	Infected	-1	2.97904098389673e-16	6	1	4.72560222662577e-62	6.57890737573464e-60
NAD.SYNTH.GLN.RXN...expasy..NAD....synthase..glutamine.hydrolyzing...6.3.5.1..g__Lachnospiraceae_unclassified.s__Lachnospiraceae_bacterium_28_4	Condition	Infected	-1	2.97904098389673e-16	6	1	4.72560222662577e-62	6.57890737573464e-60
RXN.11598...expasy..16S.rRNA..uracil.1498..N.3...methyltransferase..2.1.1.193..g__Lachnospiraceae_unclassified.s__Lachnospiraceae_bacterium_28_4	Condition	Infected	-1	2.97904098389673e-16	6	1	4.72560222662577e-62	6.57890737573464e-60
RXN.14338...expasy..Diadenylate.cyclase..2.7.7.85..g__Lachnospiraceae_unclassified.s__Lachnospiraceae_bacterium_28_4	Condition	Infected	-1	2.97904098389673e-16	6	1	4.72560222662577e-62	6.57890737573464e-60
ASPARAGINE..TRNA.LIGASE.RXN...expasy..Asparagine..tRNA.ligase..6.1.1.22..g__Anaerotruncus.s__Anaerotruncus_sp_G3_2012	Condition	Infected	-1	3.11555563579142e-16	6	1	5.65318625743808e-62	7.78083999432842e-60
DTMPKI.RXN...expasy..AMBIGUOUS..2.7.4.12..2.7.4.13..2.7.4.9..g__Lachnospiraceae_unclassified.s__Lachnospiraceae_bacterium_28_4	Condition	Infected	-1	3.13496738519049e-16	6	1	5.7953992242267e-62	7.88695229256559e-60
ARGSUCCINLYA.RXN...expasy..Argininosuccinate.lyase..4.3.2.1..g__Lachnospiraceae_unclassified.s__Lachnospiraceae_bacterium_28_4	Condition	Infected	-1	3.17434488816732e-16	6	1	6.09210938091807e-62	7.93415363673975e-60
CHORISMATE.SYNTHASE.RXN...expasy..Chorismate.synthase..4.2.3.5..g__Lachnospiraceae_unclassified.s__Lachnospiraceae_bacterium_28_4	Condition	Infected	-1	3.17434488816732e-16	6	1	6.09210938091807e-62	7.93415363673975e-60
F16BDEPHOS.RXN...expasy..Fructose.bisphosphatase..3.1.3.11..g__Lachnospiraceae_unclassified.s__Lachnospiraceae_bacterium_28_4	Condition	Infected	-1	3.17434488816732e-16	6	1	6.09210938091807e-62	7.93415363673975e-60
RXN.22...expasy..Argininosuccinate.lyase..4.3.2.1..g__Lachnospiraceae_unclassified.s__Lachnospiraceae_bacterium_28_4	Condition	Infected	-1	3.17434488816732e-16	6	1	6.09210938091807e-62	7.93415363673975e-60
X1.ACYLGLYCEROL.3.P.ACYLTRANSFER.RXN...expasy..1.acylglycerol.3.phosphate.O.acyltransferase..2.3.1.51..g__Lachnospiraceae_unclassified.s__Lachnospiraceae_bacterium_28_4	Condition	Infected	-1	3.22960602803425e-16	6	1	6.52753844611353e-62	8.18457236073925e-60
ATPPHOSPHORIBOSYLTRANS.RXN...expasy..ATP.phosphoribosyltransferase..2.4.2.17..g__Anaerotruncus.s__Anaerotruncus_sp_G3_2012	Condition	Infected	-1	3.23295867715465e-16	6	1	6.55468559273206e-62	8.18457236073925e-60
RXN0.5514...metacyc..1.acylglycerol.3.phosphate.O.acyltransferase..2.3.1.51..g__Lachnospiraceae_unclassified.s__Lachnospiraceae_bacterium_28_4	Condition	Infected	-1	3.22960602803425e-16	6	1	6.52753844611353e-62	8.18457236073925e-60
RXN0.6705...expasy..1.acylglycerol.3.phosphate.O.acyltransferase..2.3.1.51..g__Lachnospiraceae_unclassified.s__Lachnospiraceae_bacterium_28_4	Condition	Infected	-1	3.22960602803425e-16	6	1	6.52753844611353e-62	8.18457236073925e-60
X3.4.21.53.RXN...expasy..Endopeptidase.La..3.4.21.53..g__Anaerotruncus.s__Anaerotruncus_sp_G3_2012	Condition	Infected	-1	3.27468745536855e-16	6	1	6.89970741769488e-62	8.35692562431204e-60
X4.2.2.17.RXN...expasy..Inulin.fructotransferase..DFA.I.forming...4.2.2.17..unclassified	Condition	Infected	-1	3.27468745536855e-16	6	1	6.89970741769488e-62	8.35692562431204e-60
GLUC1PURIDYLTRANS.RXN...expasy..AMBIGUOUS..2.7.7.64..2.7.7.9..g__Anaerotruncus.s__Anaerotruncus_sp_G3_2012	Condition	Infected	-1	3.27468745536855e-16	6	1	6.89970741769488e-62	8.35692562431204e-60
DTDPDEHYDRHAMEPIM.RXN...expasy..dTDP.4.dehydrorhamnose.3.5.epimerase..5.1.3.13..g__Lachnospiraceae_unclassified.s__Lachnospiraceae_bacterium_28_4	Condition	Infected	-1	3.29228396816122e-16	6	1	7.04920919712207e-62	8.45346750450917e-60
DIAMINOPIMDECARB.RXN...expasy..Diaminopimelate.decarboxylase..4.1.1.20..g__Anaerotruncus.s__Anaerotruncus_sp_G3_2012	Condition	Infected	-1	3.45331119588805e-16	6	1	8.53285011428809e-62	1.01323412337507e-59
X1.2.7.8.RXN...expasy..Indolepyruvate.ferredoxin.oxidoreductase..1.2.7.8..g__Lachnospiraceae_unclassified.s__Lachnospiraceae_bacterium_28_4	Condition	Infected	-1	3.64856516669287e-16	6	1	1.06326050099079e-61	1.03856541838713e-59
X3.OXOADIPATE.ENOL.LACTONASE.RXN...expasy..3.oxoadipate.enol.lactonase..3.1.1.24..unclassified	Condition	Infected	-1	3.64856516669287e-16	6	1	1.06326050099079e-61	1.03856541838713e-59
X3PGAREARR.RXN...expasy..Phosphoglycerate.mutase..2.3.diphosphoglycerate.independent...5.4.2.12..g__Anaerotruncus.s__Anaerotruncus_sp_G3_2012	Condition	Infected	-1	3.64856516669287e-16	6	1	1.06326050099079e-61	1.03856541838713e-59
ASPARTATEKIN.RXN...expasy..Aspartate.kinase..2.7.2.4..g__Lachnospiraceae_unclassified.s__Lachnospiraceae_bacterium_28_4	Condition	Infected	-1	3.64856516669287e-16	6	1	1.06326050099079e-61	1.03856541838713e-59
DEOXYADENPHOSPHOR.RXN...expasy..Purine.nucleoside.phosphorylase..2.4.2.1..g__Lachnospiraceae_unclassified.s__Lachnospiraceae_bacterium_28_4	Condition	Infected	-1	3.64856516669287e-16	6	1	1.06326050099079e-61	1.03856541838713e-59
DEOXYGUANPHOSPHOR.RXN...expasy..Purine.nucleoside.phosphorylase..2.4.2.1..g__Lachnospiraceae_unclassified.s__Lachnospiraceae_bacterium_28_4	Condition	Infected	-1	3.64856516669287e-16	6	1	1.06326050099079e-61	1.03856541838713e-59
DEOXYINOPHOSPHOR.RXN...expasy..Purine.nucleoside.phosphorylase..2.4.2.1..g__Lachnospiraceae_unclassified.s__Lachnospiraceae_bacterium_28_4	Condition	Infected	-1	3.64856516669287e-16	6	1	1.06326050099079e-61	1.03856541838713e-59
GALACTURIDYLYLTRANS.RXN...expasy..UDP.glucose..hexose.1.phosphate.uridylyltransferase..2.7.7.12..g__Lachnospiraceae_unclassified.s__Lachnospiraceae_bacterium_28_4	Condition	Infected	-1	3.64856516669287e-16	6	1	1.06326050099079e-61	1.03856541838713e-59
INOPHOSPHOR.RXN...expasy..Purine.nucleoside.phosphorylase..2.4.2.1..g__Lachnospiraceae_unclassified.s__Lachnospiraceae_bacterium_28_4	Condition	Infected	-1	3.64856516669287e-16	6	1	1.06326050099079e-61	1.03856541838713e-59
MCPMETEST.RXN...expasy..Protein.glutamate.methylesterase..3.1.1.61..g__Lachnospiraceae_unclassified.s__Lachnospiraceae_bacterium_28_4	Condition	Infected	-1	3.64856516669287e-16	6	1	1.06326050099079e-61	1.03856541838713e-59
OROPRIBTRANS.RXN...expasy..Orotate.phosphoribosyltransferase..2.4.2.10..g__Lachnospiraceae_unclassified.s__Lachnospiraceae_bacterium_28_4	Condition	Infected	-0.999999999999999	3.64856516669287e-16	6	1	1.06326050099079e-61	1.03856541838713e-59
PHOSNACMURPENTATRANS.RXN...metacyc..UDP.N.acetylmuramoyl.L.alanyl.D.glutamyl.meso.2.6.diaminopimelyl.D.alanyl.D.alanine.undecaprenyl.phosphate.transferase..2.7.8.13..g__Anaerotruncus.s__Anaerotruncus_sp_G3_2012	Condition	Infected	-0.999999999999999	3.64856516669287e-16	6	1	1.06326050099079e-61	1.03856541838713e-59
RXN.11347...expasy..Phospho.N.acetylmuramoyl.pentapeptide.transferase..2.7.8.13..g__Anaerotruncus.s__Anaerotruncus_sp_G3_2012	Condition	Infected	-0.999999999999999	3.64856516669287e-16	6	1	1.06326050099079e-61	1.03856541838713e-59
RXN.7001...expasy..Purine.nucleoside.phosphorylase..2.4.2.1..g__Lachnospiraceae_unclassified.s__Lachnospiraceae_bacterium_28_4	Condition	Infected	-1	3.64856516669287e-16	6	1	1.06326050099079e-61	1.03856541838713e-59
RXN.8975...expasy..Phospho.N.acetylmuramoyl.pentapeptide.transferase..2.7.8.13..g__Anaerotruncus.s__Anaerotruncus_sp_G3_2012	Condition	Infected	-0.999999999999999	3.64856516669287e-16	6	1	1.06326050099079e-61	1.03856541838713e-59
RXN0.1602...expasy..XTP.dITP.diphosphatase..3.6.1.66..g__Lachnospiraceae_unclassified.s__Lachnospiraceae_bacterium_28_4	Condition	Infected	-1	3.64856516669287e-16	6	1	1.06326050099079e-61	1.03856541838713e-59
RXN0.1603...expasy..XTP.dITP.diphosphatase..3.6.1.66..g__Lachnospiraceae_unclassified.s__Lachnospiraceae_bacterium_28_4	Condition	Infected	-1	3.64856516669287e-16	6	1	1.06326050099079e-61	1.03856541838713e-59
RXNQT.4165...expasy..3.isopropylmalate.dehydrogenase..1.1.1.85..g__Lachnospiraceae_unclassified.s__Lachnospiraceae_bacterium_28_4	Condition	Infected	-1	3.64856516669287e-16	6	1	1.06326050099079e-61	1.03856541838713e-59
RXNQT.4168...expasy..3.isopropylmalate.dehydrogenase..1.1.1.85..g__Lachnospiraceae_unclassified.s__Lachnospiraceae_bacterium_28_4	Condition	Infected	-1	3.64856516669287e-16	6	1	1.06326050099079e-61	1.03856541838713e-59
RXNQT.4171...expasy..3.isopropylmalate.dehydrogenase..1.1.1.85..g__Lachnospiraceae_unclassified.s__Lachnospiraceae_bacterium_28_4	Condition	Infected	-1	3.64856516669287e-16	6	1	1.06326050099079e-61	1.03856541838713e-59
RXNQT.4174...expasy..3.isopropylmalate.dehydrogenase..1.1.1.85..g__Lachnospiraceae_unclassified.s__Lachnospiraceae_bacterium_28_4	Condition	Infected	-1	3.64856516669287e-16	6	1	1.06326050099079e-61	1.03856541838713e-59
RXNQT.4178...expasy..3.isopropylmalate.dehydrogenase..1.1.1.85..g__Lachnospiraceae_unclassified.s__Lachnospiraceae_bacterium_28_4	Condition	Infected	-1	3.64856516669287e-16	6	1	1.06326050099079e-61	1.03856541838713e-59
RXN0.6274...expasy..tRNA.dimethylallyltransferase..2.5.1.75..g__Lachnospiraceae_unclassified.s__Lachnospiraceae_bacterium_28_4	Condition	Infected	-1	3.90851331312554e-16	6	1	1.4002243723277e-61	1.35676140781065e-59
GUANYL.KIN.RXN...expasy..Guanylate.kinase..2.7.4.8..g__Lachnospiraceae_unclassified.s__Lachnospiraceae_bacterium_28_4	Condition	Infected	-1	4.04294044452976e-16	6	1	1.60302622010221e-61	1.54094076014904e-59
X2.ISOPROPYLMALATESYN.RXN...expasy..2.isopropylmalate.synthase..2.3.3.13..g__Anaerotruncus.s__Anaerotruncus_sp_G3_2012	Condition	Infected	-1	4.07921986653156e-16	6	1	1.66134453279811e-61	1.58442558907485e-59
X1.4.99.5.RXN...expasy..Glycine.dehydrogenase..cyanide.forming...1.4.99.5..unclassified	Condition	Infected	-0.999999999999999	4.14264169968253e-16	6	1	1.76709842662811e-61	1.67211688619685e-59
RXN0.6727...expasy..ADP.dependent.NAD.P.H.hydrate.dehydratase..4.2.1.136..g__Lachnospiraceae_unclassified.s__Lachnospiraceae_bacterium_28_4	Condition	Infected	-1	4.55056026902749e-16	6	1	2.57282787894068e-61	2.41566598990152e-59
X4.3.1.4.RXN...expasy..Formimidoyltetrahydrofolate.cyclodeaminase..4.3.1.4..unclassified	Condition	Infected	-0.999999999999999	4.86475355559049e-16	6	1	3.36042825004495e-61	2.78777444962641e-59
AMYLOMALT.RXN...expasy..4.alpha.glucanotransferase..2.4.1.25..g__Lachnospiraceae_unclassified.s__Lachnospiraceae_bacterium_28_4	Condition	Infected	-1	4.86475355559049e-16	6	1	3.36042825004495e-61	2.78777444962641e-59
ASNSYNA.RXN...expasy..Aspartate..ammonia.ligase..6.3.1.1..g__Lachnospiraceae_unclassified.s__Lachnospiraceae_bacterium_28_4	Condition	Infected	-1	4.74936748511455e-16	6	1	3.05277185508237e-61	2.78777444962641e-59
BIOTINLIG.RXN...expasy..Biotin...biotin.carboxyl.carrier.protein..ligase..6.3.4.15..g__Clostridium.s__Clostridium_sp_ASF356	Condition	Infected	-0.999999999999999	4.86475355559049e-16	6	1	3.36042825004495e-61	2.78777444962641e-59
CITRYLY.RXN...expasy..Citryl.CoA.lyase..4.1.3.34..unclassified	Condition	Infected	-0.999999999999999	4.86475355559049e-16	6	1	3.36042825004495e-61	2.78777444962641e-59
DSERDEAM.RXN...expasy..D.serine.ammonia.lyase..4.3.1.18..g__Clostridium.s__Clostridium_sp_ASF356	Condition	Infected	-0.999999999999999	4.86475355559049e-16	6	1	3.36042825004495e-61	2.78777444962641e-59
GALACTURIDYLYLTRANS.RXN...expasy..UDP.glucose..hexose.1.phosphate.uridylyltransferase..2.7.7.12..g__Clostridium.s__Clostridium_sp_ASF356	Condition	Infected	-0.999999999999999	4.86475355559049e-16	6	1	3.36042825004495e-61	2.78777444962641e-59
GLUTAMIN.RXN...expasy..AMBIGUOUS..3.5.1.2..3.5.1.38..g__Oscillibacter.s__Oscillibacter_sp_1_3	Condition	Infected	-0.999999999999999	4.86475355559049e-16	6	1	3.36042825004495e-61	2.78777444962641e-59
POLYPHOSPHATE.KINASE.RXN...expasy..Polyphosphate.kinase..2.7.4.1..g__Lachnospiraceae_unclassified.s__Lachnospiraceae_bacterium_28_4	Condition	Infected	-1	4.74936748511455e-16	6	1	3.05277185508237e-61	2.78777444962641e-59
RXN.11591...expasy..16S.rRNA..cytosine.967..C.5...methyltransferase..2.1.1.176..g__Clostridium.s__Clostridium_sp_ASF356	Condition	Infected	-0.999999999999999	4.86475355559049e-16	6	1	3.36042825004495e-61	2.78777444962641e-59
RXN.12193...metacyc..4..alpha..glucosyltransferase..2.4.1.25..g__Lachnospiraceae_unclassified.s__Lachnospiraceae_bacterium_28_4	Condition	Infected	-1	4.86475355559049e-16	6	1	3.36042825004495e-61	2.78777444962641e-59
RXN.12391...expasy..4.alpha.glucanotransferase..2.4.1.25..g__Lachnospiraceae_unclassified.s__Lachnospiraceae_bacterium_28_4	Condition	Infected	-1	4.86475355559049e-16	6	1	3.36042825004495e-61	2.78777444962641e-59
RXN.14354...expasy..4.alpha.glucanotransferase..2.4.1.25..g__Lachnospiraceae_unclassified.s__Lachnospiraceae_bacterium_28_4	Condition	Infected	-1	4.86475355559049e-16	6	1	3.36042825004495e-61	2.78777444962641e-59
RXN.7929...expasy..Citryl.CoA.lyase..4.1.3.34..unclassified	Condition	Infected	-0.999999999999999	4.86475355559049e-16	6	1	3.36042825004495e-61	2.78777444962641e-59
RXN.863...expasy..Benzylsuccinate.synthase..4.1.99.11..unclassified	Condition	Infected	-0.999999999999999	4.86475355559049e-16	6	1	3.36042825004505e-61	2.78777444962641e-59
RXN.9023...expasy..4.alpha.glucanotransferase..2.4.1.25..g__Lachnospiraceae_unclassified.s__Lachnospiraceae_bacterium_28_4	Condition	Infected	-1	4.86475355559049e-16	6	1	3.36042825004495e-61	2.78777444962641e-59
RXN0.7192...expasy..Biotin...biotin.carboxyl.carrier.protein..ligase..6.3.4.15..g__Clostridium.s__Clostridium_sp_ASF356	Condition	Infected	-0.999999999999999	4.86475355559049e-16	6	1	3.36042825004495e-61	2.78777444962641e-59
CYSTEINE..TRNA.LIGASE.RXN...expasy..Cysteine..tRNA.ligase..6.1.1.16..g__Lachnospiraceae_unclassified.s__Lachnospiraceae_bacterium_28_4	Condition	Infected	-1	4.98674316983821e-16	6	1	3.71038739931497e-61	3.01612162285255e-59
DAHPSYN.RXN...expasy..3.deoxy.7.phosphoheptulonate.synthase..2.5.1.54..g__Lachnospiraceae_unclassified.s__Lachnospiraceae_bacterium_28_4	Condition	Infected	-1	4.98674316983821e-16	6	1	3.71038739931497e-61	3.01612162285255e-59
RXN.8748...expasy..Alkaline.phosphatase..3.1.3.1..unclassified	Condition	Infected	-1	4.98674316983821e-16	6	1	3.71038739931497e-61	3.01612162285255e-59
GLUTSEMIALDEHYDROG.RXN...expasy..Glutamate.5.semialdehyde.dehydrogenase..1.2.1.41..g__Lachnospiraceae_unclassified.s__Lachnospiraceae_bacterium_28_4	Condition	Infected	-0.999999999999999	5.05120974651044e-16	6	1	3.90600559044538e-61	3.15396931409829e-59
RXN.11586...expasy..23S.rRNA..adenine.2503..C.2...methyltransferase..2.1.1.192..g__Lachnospiraceae_unclassified.s__Lachnospiraceae_bacterium_28_4	Condition	Infected	-1	5.22439270842611e-16	6	1	4.46986605306723e-61	3.58536540627485e-59
DXS.RXN...expasy..1.deoxy.D.xylulose.5.phosphate.synthase..2.2.1.7..g__Lachnospiraceae_unclassified.s__Lachnospiraceae_bacterium_28_4	Condition	Infected	-1	5.47284775003931e-16	6	1	5.38275628626593e-61	4.07474650870331e-59
NACGLCTRANS.RXN...metacyc..UDP.N.acetyl.D.glucosamine.N.acetylmuramoyl.L.alanyl.D.glutamyl.meso.2.6.diaminopimelyl.D.alanyl.D.alanine.diphosphoundecaprenol.4..beta..N.acetylglucosaminlytransferase..2.4.1.227..g__Anaerotruncus.s__Anaerotruncus_sp_G3_2012	Condition	Infected	-0.999999999999999	5.47284775003931e-16	6	1	5.38275628626593e-61	4.07474650870331e-59
NACGLCTRANS.RXN...metacyc..UDP.N.acetyl.D.glucosamine.N.acetylmuramoyl.L.alanyl.D.glutamyl.meso.2.6.diaminopimelyl.D.alanyl.D.alanine.diphosphoundecaprenol.4..beta..N.acetylglucosaminlytransferase..2.4.1.227..g__Lachnospiraceae_unclassified.s__Lachnospiraceae_bacterium_28_4	Condition	Infected	-1	5.47284775003931e-16	6	1	5.38275628626593e-61	4.07474650870331e-59
NANE.RXN...metacyc..N.acetyl.D.mannosamine.6.phosphate.epimerase..5.1.3.9..g__Lachnospiraceae_unclassified.s__Lachnospiraceae_bacterium_28_4	Condition	Infected	-1	5.47284775003931e-16	6	1	5.38275628626593e-61	4.07474650870331e-59
ORNCARBAMTRANSFER.RXN...expasy..Ornithine.carbamoyltransferase..2.1.3.3..g__Lachnospiraceae_unclassified.s__Lachnospiraceae_bacterium_28_4	Condition	Infected	-1	5.47284775003931e-16	6	1	5.38275628626593e-61	4.07474650870331e-59
RXN.11346...expasy..acetylglucosaminyltransferase..2.4.1.227..g__Anaerotruncus.s__Anaerotruncus_sp_G3_2012	Condition	Infected	-0.999999999999999	5.47284775003931e-16	6	1	5.38275628626593e-61	4.07474650870331e-59
RXN.11346...expasy..acetylglucosaminyltransferase..2.4.1.227..g__Lachnospiraceae_unclassified.s__Lachnospiraceae_bacterium_28_4	Condition	Infected	-1	5.47284775003931e-16	6	1	5.38275628626593e-61	4.07474650870331e-59
RXN.8976...expasy..acetylglucosaminyltransferase..2.4.1.227..g__Anaerotruncus.s__Anaerotruncus_sp_G3_2012	Condition	Infected	-0.999999999999999	5.47284775003931e-16	6	1	5.38275628626593e-61	4.07474650870331e-59
RXN.8976...expasy..acetylglucosaminyltransferase..2.4.1.227..g__Lachnospiraceae_unclassified.s__Lachnospiraceae_bacterium_28_4	Condition	Infected	-1	5.47284775003931e-16	6	1	5.38275628626593e-61	4.07474650870331e-59
BIOTINLIG.RXN...expasy..Biotin...biotin.carboxyl.carrier.protein..ligase..6.3.4.15..g__Oscillibacter.s__Oscillibacter_sp_1_3	Condition	Infected	-0.999999999999999	5.57327535144975e-16	6	1	5.78886272761665e-61	4.24937608223593e-59
DIAMINOPIMEPIM.RXN...expasy..Diaminopimelate.epimerase..5.1.1.7..g__Lachnospiraceae_unclassified.s__Lachnospiraceae_bacterium_28_4	Condition	Infected	-0.999999999999999	5.57327535144975e-16	6	1	5.78886272761665e-61	4.24937608223593e-59
METHYLMALONYL.COA.EPIM.RXN...expasy..Methylmalonyl.CoA.epimerase..5.1.99.1..unclassified	Condition	Infected	-1	5.57327535144975e-16	6	1	5.78886272761649e-61	4.24937608223593e-59
PEPTIDYLPROLYL.ISOMERASE.RXN...expasy..Peptidylprolyl.isomerase..5.2.1.8..g__Lachnospiraceae_unclassified.s__Lachnospiraceae_bacterium_28_4	Condition	Infected	-1	5.57327535144975e-16	6	1	5.78886272761649e-61	4.24937608223593e-59
RXN0.7192...expasy..Biotin...biotin.carboxyl.carrier.protein..ligase..6.3.4.15..g__Oscillibacter.s__Oscillibacter_sp_1_3	Condition	Infected	-0.999999999999999	5.57327535144975e-16	6	1	5.78886272761665e-61	4.24937608223593e-59
X3.4.21.88.RXN...expasy..Repressor.LexA..3.4.21.88..g__Lachnospiraceae_unclassified.s__Lachnospiraceae_bacterium_28_4	Condition	Infected	-1	5.77939469369482e-16	6	1	6.69392234443432e-61	4.88414382143304e-59
X5.FORMYL.THF.CYCLO.LIGASE.RXN...expasy..5.formyltetrahydrofolate.cyclo.ligase..6.3.3.2..g__Lachnospiraceae_unclassified.s__Lachnospiraceae_bacterium_28_4	Condition	Infected	-1	5.81482332923365e-16	6	1	6.85957718274565e-61	4.97504184655181e-59
RXN.11455...expasy..8.oxoguanine.deaminase..3.5.4.32..unclassified	Condition	Infected	-0.999999999999999	5.84055401267609e-16	6	1	6.98180039908406e-61	5.03354562105394e-59
X1.2.7.8.RXN...expasy..Indolepyruvate.ferredoxin.oxidoreductase..1.2.7.8..g__Anaerotruncus.s__Anaerotruncus_sp_G3_2012	Condition	Infected	-1	5.95808196779346e-16	6	1	7.56096356260129e-61	5.08768837056816e-59
X3.1.26.4.RXN...expasy..Ribonuclease.H..3.1.26.4..g__Dorea.s__Dorea_sp_5_2	Condition	Infected	-0.999999999999999	5.95808196779346e-16	6	1	7.56096356260129e-61	5.08768837056816e-59
X3.4.21.88.RXN...expasy..Repressor.LexA..3.4.21.88..g__Oscillibacter.s__Oscillibacter_sp_1_3	Condition	Infected	-1	5.89569195568263e-16	6	1	7.24920508237249e-61	5.08768837056816e-59
CHORISMATE.SYNTHASE.RXN...expasy..Chorismate.synthase..4.2.3.5..g__Erysipelatoclostridium.s__Clostridium_cocleatum	Condition	Infected	-1	5.95808196779346e-16	6	1	7.56096356260129e-61	5.08768837056816e-59
DIENOYLCOAREDUCT.RXN...expasy..2.4.dienoyl.CoA.reductase...2E..enoyl.CoA.producing...1.3.1.34..unclassified	Condition	Infected	-1	5.95808196779346e-16	6	1	7.56096356260129e-61	5.08768837056816e-59
GLUTAMATE.N.ACETYLTRANSFERASE.RXN...expasy..Glutamate.N.acetyltransferase..2.3.1.35..g__Lachnospiraceae_unclassified.s__Lachnospiraceae_bacterium_28_4	Condition	Infected	-1	5.9325659760537e-16	6	1	7.4322713493871e-61	5.08768837056816e-59
GMP.SYN.GLUT.RXN...expasy..GMP.synthase..glutamine.hydrolyzing...6.3.5.2..g__Lachnospiraceae_unclassified.s__Lachnospiraceae_bacterium_28_4	Condition	Infected	-1	5.95808196779346e-16	6	1	7.56096356260129e-61	5.08768837056816e-59
HISTAMINOTRANS.RXN...expasy..Histidinol.phosphate.transaminase..2.6.1.9..g__Lachnospiraceae_unclassified.s__Lachnospiraceae_bacterium_28_4	Condition	Infected	-1	5.93476257511232e-16	6	1	7.44328499152808e-61	5.08768837056816e-59
N.ACETYLTRANSFER.RXN...expasy..Amino.acid.N.acetyltransferase..2.3.1.1..g__Lachnospiraceae_unclassified.s__Lachnospiraceae_bacterium_28_4	Condition	Infected	-1	5.9325659760537e-16	6	1	7.4322713493871e-61	5.08768837056816e-59
RXN.20994...expasy..2.4.dienoyl.CoA.reductase...2E..enoyl.CoA.producing...1.3.1.34..unclassified	Condition	Infected	-1	5.95808196779346e-16	6	1	7.56096356260129e-61	5.08768837056816e-59
RXN.20995...expasy..2.4.dienoyl.CoA.reductase...2E..enoyl.CoA.producing...1.3.1.34..unclassified	Condition	Infected	-1	5.95808196779346e-16	6	1	7.56096356260129e-61	5.08768837056816e-59
RXN0.6948...expasy..Amino.acid.N.acetyltransferase..2.3.1.1..g__Lachnospiraceae_unclassified.s__Lachnospiraceae_bacterium_28_4	Condition	Infected	-1	5.9325659760537e-16	6	1	7.4322713493871e-61	5.08768837056816e-59
MANNITOL.2.DEHYDROGENASE.RXN...expasy..Mannitol.2.dehydrogenase..1.1.1.67..unclassified	Condition	Infected	-0.999999999999999	5.9755117913815e-16	6	1	7.64982818943383e-61	5.11904525029959e-59
LEUCINE..TRNA.LIGASE.RXN...expasy..Leucine..tRNA.ligase..6.1.1.4..g__Lachnospiraceae_unclassified.s__Lachnospiraceae_bacterium_28_4	Condition	Infected	-1	5.99674611115049e-16	6	1	7.75914555702291e-61	5.16366873553085e-59
HEMN.RXN...expasy..Coproporphyrinogen.dehydrogenase..1.3.98.3..g__Acetatifactor.s__Acetatifactor_muris	Condition	Infected	-0.999999999999999	6.08094194448812e-16	6	1	8.20417053233651e-61	5.42999527254972e-59
CYTIDEAM.RXN...expasy..Cytidine.deaminase..3.5.4.5..g__Erysipelatoclostridium.s__Clostridium_cocleatum	Condition	Infected	-0.999999999999999	6.11127102013626e-16	6	1	8.3690743600363e-61	5.47925560263566e-59
CYTIDEAM2.RXN...expasy..Cytidine.deaminase..3.5.4.5..g__Erysipelatoclostridium.s__Clostridium_cocleatum	Condition	Infected	-0.999999999999999	6.11127102013626e-16	6	1	8.3690743600363e-61	5.47925560263566e-59
X4.99.1.3.RXN...expasy..Sirohydrochlorin.cobaltochelatase..4.99.1.3..unclassified	Condition	Infected	-1	6.23111127158284e-16	6	1	9.045098011901e-61	5.89001221076048e-59
GLUTRACE.RXN...expasy..Glutamate.racemase..5.1.1.3..g__Lachnospiraceae_unclassified.s__Lachnospiraceae_bacterium_28_4	Condition	Infected	-1	6.34868977633465e-16	6	1	9.74737500946871e-61	6.14896906847318e-59
HOMOSERDEHYDROG.RXN...expasy..Homoserine.dehydrogenase..1.1.1.3..g__Lachnospiraceae_unclassified.s__Lachnospiraceae_bacterium_28_4	Condition	Infected	-1	6.34868977633465e-16	6	1	9.74737500946871e-61	6.14896906847318e-59
LYSYLTRANSFERASE.RXN...expasy..Lysyltransferase..2.3.2.3..g__Lachnospiraceae_unclassified.s__Lachnospiraceae_bacterium_28_4	Condition	Infected	-1	6.34868977633465e-16	6	1	9.74737500946871e-61	6.14896906847318e-59
PEPDEPHOS.RXN...expasy..Pyruvate.kinase..2.7.1.40..g__Lachnospiraceae_unclassified.s__Lachnospiraceae_bacterium_28_4	Condition	Infected	-1	6.34868977633465e-16	6	1	9.74737500946871e-61	6.14896906847318e-59
RXN.11591...expasy..16S.rRNA..cytosine.967..C.5...methyltransferase..2.1.1.176..g__Lachnospiraceae_unclassified.s__Lachnospiraceae_bacterium_28_4	Condition	Infected	-1	6.34868977633465e-16	6	1	9.74737500946871e-61	6.14896906847318e-59
RXN.14117...expasy..Pyruvate.kinase..2.7.1.40..g__Lachnospiraceae_unclassified.s__Lachnospiraceae_bacterium_28_4	Condition	Infected	-1	6.34868977633465e-16	6	1	9.74737500946871e-61	6.14896906847318e-59
LYSDECARBOX.RXN...expasy..Lysine.decarboxylase..4.1.1.18..unclassified	Condition	Infected	-1	6.38498904171252e-16	6	1	9.97222055812086e-61	6.25821426942797e-59
ASPCARBTRANS.RXN...expasy..Aspartate.carbamoyltransferase..2.1.3.2..g__Lachnospiraceae_unclassified.s__Lachnospiraceae_bacterium_28_4	Condition	Infected	-1	6.5493749107371e-16	6	1	1.10395318683119e-60	6.75307121156534e-59
ATPPHOSPHORIBOSYLTRANS.RXN...expasy..ATP.phosphoribosyltransferase..2.4.2.17..g__Lachnospiraceae_unclassified.s__Lachnospiraceae_bacterium_28_4	Condition	Infected	-1	6.5493749107371e-16	6	1	1.10395318683119e-60	6.75307121156534e-59
NADPH.DEHYDROGENASE.RXN...expasy..NADPH.dehydrogenase..1.6.99.1..g__Acetatifactor.s__Acetatifactor_muris	Condition	Infected	-0.999999999999999	6.5493749107371e-16	6	1	1.10395318683119e-60	6.75307121156534e-59
OROTATE.REDUCTASE.NADH.RXN...expasy..Dihydroorotate.dehydrogenase..NAD......1.3.1.14..unclassified	Condition	Infected	-1	6.5493749107371e-16	6	1	1.10395318683119e-60	6.75307121156534e-59
RXN0.6727...expasy..ADP.dependent.NAD.P.H.hydrate.dehydratase..4.2.1.136..g__Oscillibacter.s__Oscillibacter_sp_1_3	Condition	Infected	-1	6.5493749107371e-16	6	1	1.10395318683119e-60	6.75307121156534e-59
GLUTAMINE..TRNA.LIGASE.RXN...expasy..Glutamine..tRNA.ligase..6.1.1.18..g__Lachnospiraceae_unclassified.s__Lachnospiraceae_bacterium_28_4	Condition	Infected	-1	6.66133814775094e-16	6	1	1.18140055665645e-60	7.15456177111146e-59
ISOLEUCINE..TRNA.LIGASE.RXN...expasy..Isoleucine..tRNA.ligase..6.1.1.5..g__Lachnospiraceae_unclassified.s__Lachnospiraceae_bacterium_28_4	Condition	Infected	-1	6.66133814775094e-16	6	1	1.18140055665645e-60	7.15456177111146e-59
FORMATETHFLIG.RXN...expasy..Formate..tetrahydrofolate.ligase..6.3.4.3..g__Lachnospiraceae_unclassified.s__Lachnospiraceae_bacterium_28_4	Condition	Infected	-1	7.04740245805914e-16	6	1	1.48001986549245e-60	8.91840826410175e-59
X3.4.22.40.RXN...expasy..Bleomycin.hydrolase..3.4.22.40..g__Acetatifactor.s__Acetatifactor_muris	Condition	Infected	-0.999999999999999	7.29713033338574e-16	6	1	1.70121680158528e-60	9.58378507013994e-59
DIAMINOPIMELATE.DEHYDROGENASE.RXN...expasy..Diaminopimelate.dehydrogenase..1.4.1.16..g__Lachnospiraceae_unclassified.s__Lachnospiraceae_bacterium_28_4	Condition	Infected	-1	7.29713033338574e-16	6	1	1.70121680158528e-60	9.58378507013994e-59
DNA.LIGASE.NAD..RXN...expasy..AMBIGUOUS..6.5.1.2..6.5.1.6..g__Lachnospiraceae_unclassified.s__Lachnospiraceae_bacterium_28_4	Condition	Infected	-1	7.29713033338574e-16	6	1	1.70121680158528e-60	9.58378507013994e-59
GLYCOPHOSPHORYL.RXN...expasy..Glycogen.phosphorylase..2.4.1.1..g__Lachnospiraceae_unclassified.s__Lachnospiraceae_bacterium_28_4	Condition	Infected	-1	7.29713033338574e-16	6	1	1.70121680158528e-60	9.58378507013994e-59
GLYMALTOPHOSPHORYL.RXN...expasy..Glycogen.phosphorylase..2.4.1.1..g__Lachnospiraceae_unclassified.s__Lachnospiraceae_bacterium_28_4	Condition	Infected	-1	7.29713033338574e-16	6	1	1.70121680158528e-60	9.58378507013994e-59
ORNCARBAMTRANSFER.RXN...expasy..Ornithine.carbamoyltransferase..2.1.3.3..g__Acetatifactor.s__Acetatifactor_muris	Condition	Infected	-0.999999999999999	7.22071848602695e-16	6	1	1.6310711435338e-60	9.58378507013994e-59
RXN.12171...expasy..Glycogen.phosphorylase..2.4.1.1..g__Lachnospiraceae_unclassified.s__Lachnospiraceae_bacterium_28_4	Condition	Infected	-1	7.29713033338574e-16	6	1	1.70121680158528e-60	9.58378507013994e-59
RXN.12392...expasy..Glycogen.phosphorylase..2.4.1.1..g__Lachnospiraceae_unclassified.s__Lachnospiraceae_bacterium_28_4	Condition	Infected	-1	7.29713033338574e-16	6	1	1.70121680158528e-60	9.58378507013994e-59
RXN.14353...expasy..Glycogen.phosphorylase..2.4.1.1..g__Lachnospiraceae_unclassified.s__Lachnospiraceae_bacterium_28_4	Condition	Infected	-1	7.29713033338574e-16	6	1	1.70121680158528e-60	9.58378507013994e-59
RXN.21092...expasy..Glycogen.phosphorylase..2.4.1.1..g__Lachnospiraceae_unclassified.s__Lachnospiraceae_bacterium_28_4	Condition	Infected	-1	7.29713033338574e-16	6	1	1.70121680158528e-60	9.58378507013994e-59
RXN.21218...expasy..Bleomycin.hydrolase..3.4.22.40..g__Acetatifactor.s__Acetatifactor_muris	Condition	Infected	-0.999999999999999	7.29713033338574e-16	6	1	1.70121680158528e-60	9.58378507013994e-59
RXN.21219...expasy..Bleomycin.hydrolase..3.4.22.40..g__Acetatifactor.s__Acetatifactor_muris	Condition	Infected	-0.999999999999999	7.29713033338574e-16	6	1	1.70121680158528e-60	9.58378507013994e-59
RXN.21220...expasy..Bleomycin.hydrolase..3.4.22.40..g__Acetatifactor.s__Acetatifactor_muris	Condition	Infected	-0.999999999999999	7.29713033338574e-16	6	1	1.70121680158528e-60	9.58378507013994e-59
RXN.9025...expasy..Glycogen.phosphorylase..2.4.1.1..g__Lachnospiraceae_unclassified.s__Lachnospiraceae_bacterium_28_4	Condition	Infected	-1	7.29713033338574e-16	6	1	1.70121680158528e-60	9.58378507013994e-59
ISOCITRATE.DEHYDROGENASE.NAD..RXN...expasy..AMBIGUOUS..1.1.1.286..1.1.1.41..unclassified	Condition	Infected	-0.999999999999999	7.50325157077435e-16	6	1	1.90173185700216e-60	1.06637853018566e-58
METHIONYL.TRNA.FORMYLTRANSFERASE.RXN...expasy..Methionyl.tRNA.formyltransferase..2.1.2.9..g__Lachnospiraceae_unclassified.s__Lachnospiraceae_bacterium_28_4	Condition	Infected	-1	7.72183858146678e-16	6	1	2.13321252857203e-60	1.19066682700758e-58
RXN.12460...metacyc..L.asparaginyl.tRNAasn.hydrolase..3.1.1.29..g__Lachnospiraceae_unclassified.s__Lachnospiraceae_bacterium_28_4	Condition	Infected	-1	7.78740535023478e-16	6	1	2.20659370637718e-60	1.22597536567158e-58
RXN.15047...expasy..5.to.3.exodeoxyribonuclease..nucleoside.3.phosphate.forming...3.1.12.1..g__Dorea.s__Dorea_sp_5_2.0.513539.0.849631.0.0.0.0.723007.RXN.15047...expasy..5.to.3.exodeoxyribonuclease..nucleoside.3.phosphate.forming...3.1.12.1..g__Lachnospiraceae_unclassified.s__Lachnospiraceae_bacterium_28_4	Condition	Infected	-1	7.81702662625107e-16	6	1	2.24035899572434e-60	1.23905151398234e-58
RXN.21730...expasy..Diphosphate..fructose.6.phosphate.1.phosphotransferase..2.7.1.90..g__Dorea.s__Dorea_sp_5_2	Condition	Infected	-0.999999999999999	8.15843973306311e-16	6	1	2.65815125247699e-60	1.46343308954551e-58
BIOTINLIG.RXN...expasy..Biotin...biotin.carboxyl.carrier.protein..ligase..6.3.4.15..g__Lachnospiraceae_unclassified.s__Lachnospiraceae_bacterium_28_4	Condition	Infected	-1	8.35991302717463e-16	6	1	2.93061175585588e-60	1.59172957788908e-58
N.ACETYLGLUTPREDUCT.RXN...expasy..N.acetyl.gamma.glutamyl.phosphate.reductase..1.2.1.38..g__Lachnospiraceae_unclassified.s__Lachnospiraceae_bacterium_28_4	Condition	Infected	-1	8.35991302717463e-16	6	1	2.93061175585588e-60	1.59172957788908e-58
RXN0.7192...expasy..Biotin...biotin.carboxyl.carrier.protein..ligase..6.3.4.15..g__Lachnospiraceae_unclassified.s__Lachnospiraceae_bacterium_28_4	Condition	Infected	-1	8.35991302717463e-16	6	1	2.93061175585588e-60	1.59172957788908e-58
GLYCEROL.KIN.RXN...expasy..Glycerol.kinase..2.7.1.30..g__Lachnospiraceae_unclassified.s__Lachnospiraceae_bacterium_28_4	Condition	Infected	-1	8.6265829301713e-16	6	1	3.3228172557608e-60	1.7966947590078e-58
DNA.DIRECTED.DNA.POLYMERASE.RXN...expasy..DNA.directed.DNA.polymerase..2.7.7.7..g__Lachnospiraceae_unclassified.s__Lachnospiraceae_bacterium_3_1	Condition	Infected	-0.999999999999999	9.10112053805498e-16	6	1	4.11652460630512e-60	2.14910974273999e-58
ISOCITDEH.RXN...expasy..Isocitrate.dehydrogenase..NADP......1.1.1.42..g__Lachnospiraceae_unclassified.s__Lachnospiraceae_bacterium_28_4	Condition	Infected	-1	9.10112053805498e-16	6	1	4.11652460630512e-60	2.14910974273999e-58
METHANOL.DEHYDROGENASE.RXN...expasy..Methanol.dehydrogenase..1.1.1.244..unclassified	Condition	Infected	-0.999999999999999	9.10112053805498e-16	6	1	4.11652460630512e-60	2.14910974273999e-58
NICOTINATEPRIBOSYLTRANS.RXN...expasy..Nicotinate.phosphoribosyltransferase..6.3.4.21..g__Lachnospiraceae_unclassified.s__Lachnospiraceae_bacterium_28_4	Condition	Infected	-1	9.10112053805498e-16	6	1	4.11652460630512e-60	2.14910974273999e-58
PNPOXI.RXN...expasy..Pyridoxal.5.phosphate.synthase..1.4.3.5..g__Sphingomonas.s__Sphingomonas_sp_FARSPH.0.0.154621.0.0.625156.17.6924.0.PNPOXI.RXN...expasy..Pyridoxal.5.phosphate.synthase..1.4.3.5..unclassified	Condition	Infected	-0.999999999999999	9.10112053805498e-16	6	1	4.11652460630512e-60	2.14910974273999e-58
RUBREDOXIN..NAD..REDUCTASE.RXN...expasy..Rubredoxin..NAD....reductase..1.18.1.1..unclassified	Condition	Infected	-0.999999999999999	9.10112053805498e-16	6	1	4.11652460630512e-60	2.14910974273999e-58
RXN.20927...expasy..DNA.directed.DNA.polymerase..2.7.7.7..g__Lachnospiraceae_unclassified.s__Lachnospiraceae_bacterium_3_1	Condition	Infected	-0.999999999999999	9.10112053805498e-16	6	1	4.11652460630512e-60	2.14910974273999e-58
RXN.7737...expasy..LL.diaminopimelate.aminotransferase..2.6.1.83..g__Lachnospiraceae_unclassified.s__Lachnospiraceae_bacterium_28_4	Condition	Infected	-1	9.10112053805498e-16	6	1	4.11652460630512e-60	2.14910974273999e-58
FADSYN.RXN...expasy..FAD.synthase..2.7.7.2..g__Lachnospiraceae_unclassified.s__Lachnospiraceae_bacterium_28_4	Condition	Infected	-1	9.16690653020439e-16	6	1	4.23684389476843e-60	2.19301936980492e-58
RIBOFLAVINKIN.RXN...expasy..Riboflavin.kinase..2.7.1.26..g__Lachnospiraceae_unclassified.s__Lachnospiraceae_bacterium_28_4	Condition	Infected	-1	9.16690653020439e-16	6	1	4.23684389476843e-60	2.19301936980492e-58
DXPREDISOM.RXN...expasy..1.deoxy.D.xylulose.5.phosphate.reductoisomerase..1.1.1.267..g__Clostridium.s__Clostridium_sp_ASF356	Condition	Infected	-0.999999999999998	9.72950711118099e-16	6	1	5.37668520007196e-60	2.75942420098608e-58
RXN.6423...expasy..Putrescine..2.oxoglutarate.transaminase..2.6.1.82..unclassified	Condition	Infected	-0.999999999999998	9.72950711118099e-16	6	1	5.37668520007196e-60	2.75942420098608e-58
X3.1.21.7.RXN...expasy..Deoxyribonuclease.V..3.1.21.7..g__Clostridium.s__Clostridium_sp_ASF356	Condition	Infected	-0.999999999999999	1.01024194930209e-15	6	1	6.24960894471265e-60	3.11503142133167e-58
BA7DEHYDRA.RXN...expasy..Bile.acid.7.alpha.dehydratase..4.2.1.106..unclassified	Condition	Infected	-0.999999999999999	1.01024194930209e-15	6	1	6.24960894471265e-60	3.11503142133167e-58
DIAMINOPIMEPIM.RXN...expasy..Diaminopimelate.epimerase..5.1.1.7..g__Anaerotruncus.s__Anaerotruncus_sp_G3_2012	Condition	Infected	-0.999999999999999	1.01024194930209e-15	6	1	6.24960894471265e-60	3.11503142133167e-58
HOMSUCTRAN.RXN...expasy..Homoserine.O.succinyltransferase..2.3.1.46..unclassified	Condition	Infected	-0.999999999999999	1.01024194930209e-15	6	1	6.24960894471265e-60	3.11503142133167e-58
RXN.21336...expasy..Bile.acid.7.alpha.dehydratase..4.2.1.106..unclassified	Condition	Infected	-0.999999999999999	1.01024194930209e-15	6	1	6.24960894471265e-60	3.11503142133167e-58
RXN.21339...expasy..Bile.acid.7.alpha.dehydratase..4.2.1.106..unclassified	Condition	Infected	-0.999999999999999	1.01024194930209e-15	6	1	6.24960894471265e-60	3.11503142133167e-58
RXN.21350...expasy..Deoxyribonuclease.V..3.1.21.7..g__Clostridium.s__Clostridium_sp_ASF356	Condition	Infected	-0.999999999999999	1.01024194930209e-15	6	1	6.24960894471265e-60	3.11503142133167e-58
X3.1.21.2.RXN...expasy..Deoxyribonuclease.IV..3.1.21.2..g__Lachnospiraceae_unclassified.s__Lachnospiraceae_bacterium_28_4	Condition	Infected	-1	1.08949031355251e-15	6	1	8.45365935822473e-60	4.1963410715909e-58
X4.2.99.18.RXN...expasy..DNA..apurinic.or.apyrimidinic.site..lyase..4.2.99.18..g__Lachnospiraceae_unclassified.s__Lachnospiraceae_bacterium_28_4	Condition	Infected	-1	1.09456955000786e-15	6	1	8.61241005802531e-60	4.2576943111348e-58
X3.2.1.35.RXN...expasy..Hyaluronoglucosaminidase..3.2.1.35..unclassified	Condition	Infected	-0.999999999999999	1.11465507028995e-15	6	1	9.26218036418645e-60	4.43413156407218e-58
GLYCOGEN.BRANCH.RXN...expasy..1.4.alpha.glucan.branching.enzyme..2.4.1.18..g__Lachnospiraceae_unclassified.s__Lachnospiraceae_bacterium_28_4	Condition	Infected	-1	1.11465507028995e-15	6	1	9.26218036418645e-60	4.43413156407218e-58
RXN.11618...expasy..Hyaluronoglucosaminidase..3.2.1.35..unclassified	Condition	Infected	-0.999999999999999	1.11465507028995e-15	6	1	9.26218036418645e-60	4.43413156407218e-58
RXN.11620...expasy..Hyaluronoglucosaminidase..3.2.1.35..unclassified	Condition	Infected	-0.999999999999999	1.11465507028995e-15	6	1	9.26218036418645e-60	4.43413156407218e-58
RXN.14371...expasy..1.4.alpha.glucan.branching.enzyme..2.4.1.18..g__Lachnospiraceae_unclassified.s__Lachnospiraceae_bacterium_28_4	Condition	Infected	-1	1.11465507028995e-15	6	1	9.26218036418645e-60	4.43413156407218e-58
RXN.14372...expasy..1.4.alpha.glucan.branching.enzyme..2.4.1.18..g__Lachnospiraceae_unclassified.s__Lachnospiraceae_bacterium_28_4	Condition	Infected	-1	1.11465507028995e-15	6	1	9.26218036418645e-60	4.43413156407218e-58
RXN.7669...expasy..1.4.alpha.glucan.branching.enzyme..2.4.1.18..g__Lachnospiraceae_unclassified.s__Lachnospiraceae_bacterium_28_4	Condition	Infected	-1	1.11465507028995e-15	6	1	9.26218036418645e-60	4.43413156407218e-58
RXN.7710...expasy..1.4.alpha.glucan.branching.enzyme..2.4.1.18..g__Lachnospiraceae_unclassified.s__Lachnospiraceae_bacterium_28_4	Condition	Infected	-1	1.11465507028995e-15	6	1	9.26218036418645e-60	4.43413156407218e-58
PROLINE..TRNA.LIGASE.RXN...expasy..Proline..tRNA.ligase..6.1.1.15..g__Lachnospiraceae_unclassified.s__Lachnospiraceae_bacterium_28_4	Condition	Infected	-1	1.18695251502246e-15	6	1	1.19092559864447e-59	5.65666307873796e-58
PTAALT.RXN...expasy..Phosphate.propanoyltransferase..2.3.1.222..g__Lachnospiraceae_unclassified.s__Lachnospiraceae_bacterium_28_4	Condition	Infected	-1	1.18695251502246e-15	6	1	1.19092559864447e-59	5.65666307873796e-58
DNA.LIGASE.NAD..RXN...expasy..AMBIGUOUS..6.5.1.2..6.5.1.6..g__Oscillibacter.s__Oscillibacter_sp_1_3	Condition	Infected	-0.999999999999998	1.33226762955019e-15	6	1	1.89024089065033e-59	8.87387506494451e-58
PROPANEDIOL.DEHYDRATASE.RXN...expasy..Propanediol.dehydratase..4.2.1.28..unclassified	Condition	Infected	-0.999999999999998	1.33226762955019e-15	6	1	1.89024089065033e-59	8.87387506494451e-58
RXN.21079...expasy..Propanediol.dehydratase..4.2.1.28..unclassified	Condition	Infected	-0.999999999999998	1.33226762955019e-15	6	1	1.89024089065033e-59	8.87387506494451e-58
HISTCYCLOHYD.RXN...expasy..Phosphoribosyl.AMP.cyclohydrolase..3.5.4.19..g__Lachnospiraceae_unclassified.s__Lachnospiraceae_bacterium_28_4	Condition	Infected	-1	1.36109901627507e-15	6	1	2.05925500778695e-59	9.59296025165983e-58
HISTPRATPHYD.RXN...expasy..Phosphoribosyl.ATP.diphosphatase..3.6.1.31..g__Lachnospiraceae_unclassified.s__Lachnospiraceae_bacterium_28_4	Condition	Infected	-1	1.36109901627507e-15	6	1	2.05925500778695e-59	9.59296025165983e-58
RXN.8764...expasy..Cobalt.precorrin.5B..C.1...methyltransferase..2.1.1.195..g__Anaerotruncus.s__Anaerotruncus_sp_G3_2012	Condition	Infected	-0.999999999999998	1.44414369720539e-15	6	1	2.60971382965409e-59	1.21106719941649e-57
RXN.11501...expasy..Alpha.galactosidase..3.2.1.22..g__Lachnospiraceae_unclassified.s__Lachnospiraceae_bacterium_28_4	Condition	Infected	-1	1.45053091854127e-15	6	1	2.65619045571976e-59	1.22326155131855e-57
RXN.12088...expasy..Alpha.galactosidase..3.2.1.22..g__Lachnospiraceae_unclassified.s__Lachnospiraceae_bacterium_28_4	Condition	Infected	-1	1.45053091854127e-15	6	1	2.65619045571976e-59	1.22326155131855e-57
RXN.11396...expasy..8.oxo.dGTP.diphosphatase..3.6.1.55..g__Acetatifactor.s__Acetatifactor_muris	Condition	Infected	-0.999999999999998	1.55748107004696e-15	6	1	3.53054993020351e-59	1.61977351343276e-57
DEOXYADENPHOSPHOR.RXN...expasy..Purine.nucleoside.phosphorylase..2.4.2.1..g__Clostridium.s__Clostridium_sp_ASF356	Condition	Infected	-0.999999999999998	1.820224107611e-15	6	1	6.58643937008825e-59	2.95462791298181e-57
DEOXYGUANPHOSPHOR.RXN...expasy..Purine.nucleoside.phosphorylase..2.4.2.1..g__Clostridium.s__Clostridium_sp_ASF356	Condition	Infected	-0.999999999999998	1.820224107611e-15	6	1	6.58643937008825e-59	2.95462791298181e-57
DEOXYINOPHOSPHOR.RXN...expasy..Purine.nucleoside.phosphorylase..2.4.2.1..g__Clostridium.s__Clostridium_sp_ASF356	Condition	Infected	-0.999999999999998	1.820224107611e-15	6	1	6.58643937008825e-59	2.95462791298181e-57
INOPHOSPHOR.RXN...expasy..Purine.nucleoside.phosphorylase..2.4.2.1..g__Clostridium.s__Clostridium_sp_ASF356	Condition	Infected	-0.999999999999998	1.820224107611e-15	6	1	6.58643937008825e-59	2.95462791298181e-57
RXN.7001...expasy..Purine.nucleoside.phosphorylase..2.4.2.1..g__Clostridium.s__Clostridium_sp_ASF356	Condition	Infected	-0.999999999999998	1.820224107611e-15	6	1	6.58643937008825e-59	2.95462791298181e-57
TAGAKIN.RXN...expasy..Tagatose.6.phosphate.kinase..2.7.1.144..g__Clostridium.s__Clostridium_sp_ASF356	Condition	Infected	-0.999999999999998	1.820224107611e-15	6	1	6.58643937008825e-59	2.95462791298181e-57
CHEBDEAMID.RXN...expasy..Protein.glutamine.glutaminase..3.5.1.44..g__Lachnospiraceae_unclassified.s__Lachnospiraceae_bacterium_28_4	Condition	Infected	-1	2.2293101405799e-15	6	1	1.48194885826984e-58	6.59903109241336e-57
RXN.11865...expasy..tRNA..cytidine.34..2.O..methyltransferase..2.1.1.207..g__Bifidobacterium.s__Bifidobacterium_pseudolongum.0.1.05191.4.24214.2.41808.1.93356.3.24475.RXN.11865...expasy..tRNA..cytidine.34..2.O..methyltransferase..2.1.1.207..g__Clostridium.s__Clostridium_sp_ASF356	Condition	Infected	-0.999999999999997	2.2293101405799e-15	6	1	1.48194885826984e-58	6.59903109241336e-57
X3.1.11.6.RXN...expasy..Exodeoxyribonuclease.VII..3.1.11.6..g__Lachnospiraceae_unclassified.s__Lachnospiraceae_bacterium_28_4	Condition	Infected	-1	2.7303361614165e-15	6	1	3.33438493110712e-58	1.47934323390364e-56
GSHTRAN.RXN...expasy..Glutathione.transferase..2.5.1.18..unclassified	Condition	Infected	-0.999999999999998	2.9188521333543e-15	6	1	4.35511501205837e-58	1.91120119659605e-56
GST.RXN...expasy..Glutathione.transferase..2.5.1.18..unclassified	Condition	Infected	-0.999999999999998	2.9188521333543e-15	6	1	4.35511501205837e-58	1.91120119659605e-56
RXNQT.4363...expasy..Glutathione.transferase..2.5.1.18..unclassified	Condition	Infected	-0.999999999999998	2.9188521333543e-15	6	1	4.35511501205837e-58	1.91120119659605e-56
RIBULP3EPIM.RXN...expasy..Ribulose.phosphate.3.epimerase..5.1.3.1..g__Dorea.s__Dorea_sp_5_2	Condition	Infected	-0.999999999999997	2.92896950210795e-15	6	1	4.41581274732481e-58	1.93084202150174e-56
HOMOACONITATE.HYDRATASE.RXN...expasy..Homoaconitate.hydratase..4.2.1.36..unclassified	Condition	Infected	-0.999999999999996	3.44848925563162e-15	6	1	8.4852913581293e-58	3.69690104063533e-56
TAGAKIN.RXN...expasy..Tagatose.6.phosphate.kinase..2.7.1.144..g__Lachnospiraceae_unclassified.s__Lachnospiraceae_bacterium_28_4	Condition	Infected	-6.4448270109398	0.489897948556636	6	2	0.000192833170712379	0.00837130954719834
CARBPSYN.RXN...expasy..Carbamoyl.phosphate.synthase..glutamine.hydrolyzing...6.3.5.5..g__Lachnospiraceae_unclassified.s__Lachnospiraceae_bacterium_28_4	Condition	Infected	-6.4050104308777	0.489897948556636	6	2	0.000197580162956545	0.00854675333474885
PHENYLALANINE..TRNA.LIGASE.RXN...expasy..Phenylalanine..tRNA.ligase..6.1.1.20..g__Lachnospiraceae_unclassified.s__Lachnospiraceae_bacterium_28_4	Condition	Infected	-6.03027975711732	0.489897948556636	6	2	0.000250237789966695	0.0107860502209132
GLYOHMETRANS.RXN...expasy..Glycine.hydroxymethyltransferase..2.1.2.1..g__Lachnospiraceae_unclassified.s__Lachnospiraceae_bacterium_28_4	Condition	Infected	-5.98549180949104	0.489897948556636	6	2	0.000257646035701558	0.0110659885972244
SHIKIMATE.KINASE.RXN...expasy..Shikimate.kinase..2.7.1.71..g__Lachnospiraceae_unclassified.s__Lachnospiraceae_bacterium_28_4	Condition	Infected	-5.91670734027952	0.489897948556636	6	2	0.000269563052491794	0.0115369176388007
RIBOKIN.RXN...expasy..Ribokinase..2.7.1.15..g__Lachnospiraceae_unclassified.s__Lachnospiraceae_bacterium_28_4	Condition	Infected	-5.67527229101725	0.489897948556636	6	2	0.000317216047884644	0.013528594267531
D.PPENTOMUT.RXN...metacyc..D.deoxyribose.1.5.phosphomutase..5.4.2.7..g__Lachnospiraceae_unclassified.s__Lachnospiraceae_bacterium_28_4	Condition	Infected	-5.44131504403524	0.489897948556636	6	2	0.000373805953855756	0.0158305514444088
PPENTOMUT.RXN...expasy..Phosphopentomutase..5.4.2.7..g__Lachnospiraceae_unclassified.s__Lachnospiraceae_bacterium_28_4	Condition	Infected	-5.44131504403524	0.489897948556636	6	2	0.000373805953855756	0.0158305514444088
X3.4.11.18.RXN...expasy..Methionyl.aminopeptidase..3.4.11.18..g__Lachnospiraceae_unclassified.s__Lachnospiraceae_bacterium_28_4	Condition	Infected	-5.14541078896824	0.489897948556636	6	2	0.000464614696590748	0.0196077115160528
GDPMANDEHYDRA.RXN...expasy..GDP.mannose.4.6.dehydratase..4.2.1.47..g__Lachnospiraceae_unclassified.s__Lachnospiraceae_bacterium_28_4	Condition	Infected	-4.64728253890985	0.489897948556636	6	2	0.000689079504476836	0.0289796213827203
PYRROLINECARBREDUCT.RXN...expasy..Pyrroline.5.carboxylate.reductase..1.5.1.2..g__Lachnospiraceae_unclassified.s__Lachnospiraceae_bacterium_28_4	Condition	Infected	-4.60300388081641	0.489897948556636	6	2	0.000714996513413405	0.0298621992084937
RXN66.546...expasy..Pyrroline.5.carboxylate.reductase..1.5.1.2..g__Lachnospiraceae_unclassified.s__Lachnospiraceae_bacterium_28_4	Condition	Infected	-4.60300388081641	0.489897948556636	6	2	0.000714996513413405	0.0298621992084937
X3.1.26.3.RXN...expasy..Ribonuclease.III..3.1.26.3..g__Lachnospiraceae_unclassified.s__Lachnospiraceae_bacterium_28_4	Condition	Infected	-4.5187324041889	0.489897948556636	6	2	0.000767750999472238	0.0319553268233943
RXN.8850...expasy..Thymidylate.synthase..FAD...2.1.1.148..g__Romboutsia.s__Romboutsia_ilealis	Condition	Infected	1.17626602173812	0.129360280417696	6	5	0.000811152271684987	0.0336461517624951
ASPARAGINE..TRNA.LIGASE.RXN...expasy..Asparagine..tRNA.ligase..6.1.1.22..g__Lachnospiraceae_unclassified.s__Lachnospiraceae_bacterium_28_4	Condition	Infected	-4.44833901797741	0.489897948556636	6	2	0.000815562538464181	0.033713629576376
X1.5.1.20.RXN...expasy..Methylenetetrahydrofolate.reductase..NAD.P.H...1.5.1.20..g__Lachnospiraceae_unclassified.s__Lachnospiraceae_bacterium_28_4	Condition	Infected	-4.24334129040248	0.489897948556636	6	2	0.000977470118905521	0.040269109116271
RXN0.302...expasy..2.C.methyl.D.erythritol.2.4.cyclodiphosphate.synthase..4.6.1.12..g__Lachnospiraceae_unclassified.s__Lachnospiraceae_bacterium_28_4	Condition	Infected	-4.17317469278975	0.489897948556636	6	2	0.00104189754197559	0.0427778407742655
HOMOSERINE.O.ACETYLTRANSFERASE.RXN...expasy..Homoserine.O.acetyltransferase..2.3.1.31..g__Lachnospiraceae_unclassified.s__Lachnospiraceae_bacterium_28_4	Condition	Infected	-4.12419942210589	0.489897948556636	6	2	0.00109000303083754	0.0446017456402171
X3PGAREARR.RXN...expasy..Phosphoglycerate.mutase..2.3.diphosphoglycerate.independent...5.4.2.12..g__Lachnospiraceae_unclassified.s__Lachnospiraceae_bacterium_28_4	Condition	Infected	-4.07786431030373	0.489897948556636	6	2	0.00113807256086202	0.0464119018759623
GLUTAMIN.RXN...expasy..AMBIGUOUS..3.5.1.2..3.5.1.38..g__Anaerotruncus.s__Anaerotruncus_sp_G3_2012	Condition	Infected	-4.0585454079314	0.489897948556636	6	2	0.00115888838492881	0.0471022017391201
RXN.12104...expasy..Epoxyqueuosine.reductase..1.17.99.6..g__Lachnospiraceae_unclassified.s__Lachnospiraceae_bacterium_28_4	Condition	Infected	-4.04745338282082	0.489897948556636	6	2	0.00117105301092728	0.0474374383556896
X2.ISOPROPYLMALATESYN.RXN...expasy..2.isopropylmalate.synthase..2.3.3.13..g__Lachnospiraceae_unclassified.s__Lachnospiraceae_bacterium_28_4	Condition	Infected	-4.0367340423007	0.489897948556636	6	2	0.00118295947197937	0.0477600170820472
DIHYDROOROT.RXN...expasy..Dihydroorotase..3.5.2.3..g__Lachnospiraceae_unclassified.s__Lachnospiraceae_bacterium_28_4	Condition	Infected	-3.98587982404426	0.489897948556636	6	2	0.00124153140223182	0.049958233700438
X3.1.26.11.RXN...expasy..Ribonuclease.Z..3.1.26.11..g__Lachnospiraceae_unclassified.s__Lachnospiraceae_bacterium_28_4	Condition	Infected	-3.95734264180462	0.489897948556636	6	2	0.0012759735155833	0.0511741431150496
GUANPRIBOSYLTRAN.RXN...expasy..Hypoxanthine.phosphoribosyltransferase..2.4.2.8..g__Lachnospiraceae_unclassified.s__Lachnospiraceae_bacterium_28_4	Condition	Infected	-3.82541579369783	0.489897948556636	6	2	0.00145146547113931	0.0578294400869713
HYPOXANPRIBOSYLTRAN.RXN...expasy..Hypoxanthine.phosphoribosyltransferase..2.4.2.8..g__Lachnospiraceae_unclassified.s__Lachnospiraceae_bacterium_28_4	Condition	Infected	-3.82541579369783	0.489897948556636	6	2	0.00145146547113931	0.0578294400869713
SAICARSYN.RXN...expasy..Phosphoribosylaminoimidazolesuccinocarboxamide.synthase..6.3.2.6..g__Lachnospiraceae_unclassified.s__Lachnospiraceae_bacterium_28_4	Condition	Infected	-3.79598774354192	0.489897948556636	6	2	0.00149460689148949	0.0593530448187563
GLCNACPTRANS.RXN...expasy..N.acetylglucosaminephosphotransferase..2.7.8.33..unclassified	Condition	Infected	3.28252778657336	0.42473867044227	6	6	0.00150945527092699	0.0597468047106789
RXN0.6727...expasy..ADP.dependent.NAD.P.H.hydrate.dehydratase..4.2.1.136..unclassified	Condition	Infected	1.2507894170428	0.162612117002871	6	6	0.00153676829089439	0.060629763971703
GLUTKIN.RXN...expasy..Glutamate.5.kinase..2.7.2.11..g__Lachnospiraceae_unclassified.s__Lachnospiraceae_bacterium_28_4	Condition	Infected	-3.65926307177273	0.489897948556636	6	2	0.00171715128994018	0.067526416960245
DEPHOSPHOCOAKIN.RXN...expasy..Dephospho.CoA.kinase..2.7.1.24..g__Lachnospiraceae_unclassified.s__Lachnospiraceae_bacterium_28_4	Condition	Infected	-3.64710705698206	0.489897948556636	6	2	0.00173886093343331	0.0681588466852563
PSERTRANSAM.RXN...expasy..Phosphoserine.transaminase..2.6.1.52..g__Lachnospiraceae_unclassified.s__Lachnospiraceae_bacterium_28_4	Condition	Infected	-4.72409784789481	0.64711270293112	6	3	0.00187211026712498	0.0729099664161344
PSERTRANSAMPYR.RXN...expasy..Phosphoserine.transaminase..2.6.1.52..g__Lachnospiraceae_unclassified.s__Lachnospiraceae_bacterium_28_4	Condition	Infected	-4.72409784789481	0.64711270293112	6	3	0.00187211026712498	0.0729099664161344
DNA.DIRECTED.DNA.POLYMERASE.RXN...expasy..DNA.directed.DNA.polymerase..2.7.7.7..g__Lachnospiraceae_unclassified.s__Lachnospiraceae_bacterium_28_4	Condition	Infected	-6.81341238773811	0.953516969637166	6	3	0.00202920934886542	0.0785232703944344
RXN.20927...expasy..DNA.directed.DNA.polymerase..2.7.7.7..g__Lachnospiraceae_unclassified.s__Lachnospiraceae_bacterium_28_4	Condition	Infected	-6.81341238773811	0.953516969637166	6	3	0.00202920934886542	0.0785232703944344
GTP.CYCLOHYDRO.I.RXN...expasy..GTP.cyclohydrolase.I..3.5.4.16..g__Acetatifactor.s__Acetatifactor_muris	Condition	Infected	-3.3953162170327	0.489897948556636	6	2	0.00227540461186095	0.0877697473212095
CITLY.RXN...expasy..Citrate..pro.3S..lyase..4.1.3.6..unclassified	Condition	Infected	-1.09231685298932	0.16164195421699	6	6	0.0025008568584834	0.0961599310157174
DIHYDRODIPICSYN.RXN...expasy..4.hydroxy.tetrahydrodipicolinate.synthase..4.3.3.7..g__Lachnospiraceae_unclassified.s__Lachnospiraceae_bacterium_28_4	Condition	Infected	-3.30695384504468	0.489897948556636	6	2	0.00251101702016038	0.0962450574309573
RXN.21730...expasy..Diphosphate..fructose.6.phosphate.1.phosphotransferase..2.7.1.90..g__Lachnospiraceae_unclassified.s__Lachnospiraceae_bacterium_28_4	Condition	Infected	-4.45733898808782	0.662190186491232	6	3	0.00253767042874514	0.0969598240787417
L.FUCONATE.HYDRATASE.RXN...expasy..L.fuconate.dehydratase..4.2.1.68..unclassified	Condition	Infected	-3.23203994525162	0.489897948556636	6	2	0.00273471087399067	0.104159805364072
X3.2.1.55.RXN...expasy..Non.reducing.end.alpha.L.arabinofuranosidase..3.2.1.55..unclassified	Condition	Infected	-1.43247125809141	0.218651071045218	6	6	0.00280671261177475	0.106567094526068
GLUTAMIN.RXN...expasy..AMBIGUOUS..3.5.1.2..3.5.1.38..g__Lachnospiraceae_unclassified.s__Lachnospiraceae_bacterium_28_4	Condition	Infected	-4.06345064151945	0.628240277176319	6	3	0.00294341972434099	0.111408436566306
GLYC3PDEHYDROGBIOSYN.RXN...expasy..Glycerol.3.phosphate.dehydrogenase..NAD.P.......1.1.1.94..g__Anaerotruncus.s__Anaerotruncus_sp_G3_2012	Condition	Infected	-3.15164656755066	0.489897948556636	6	2	0.00300272520997157	0.113299089542603
ASNSYNA.RXN...expasy..Aspartate..ammonia.ligase..6.3.1.1..g__Anaerotruncus.s__Anaerotruncus_sp_G3_2012	Condition	Infected	-3.13243964832284	0.489897948556636	6	2	0.00307147839040541	0.115533373492517
PHOSGLYPHOS.RXN...expasy..Phosphoglycerate.kinase..2.7.2.3..g__Lachnospiraceae_unclassified.s__Lachnospiraceae_bacterium_28_4	Condition	Infected	-3.11907889168574	0.489897948556636	6	2	0.00312044905760255	0.117012009243598
SIROHEME.FERROCHELAT.RXN...expasy..Sirohydrochlorin.ferrochelatase..4.99.1.4..unclassified	Condition	Infected	-3.09706361376206	0.489897948556636	6	2	0.00320325430095639	0.119746345966617
GLYCOGENSYN.RXN...expasy..Starch.synthase..2.4.1.21..g__Lachnospiraceae_unclassified.s__Lachnospiraceae_bacterium_28_4	Condition	Infected	-4.06897890134279	0.647300009099037	6	3	0.00327111488293643	0.121906902960388
METHENYLTHFCYCLOHYDRO.RXN...expasy..Methenyltetrahydrofolate.cyclohydrolase..3.5.4.9..g__Lachnospiraceae_unclassified.s__Lachnospiraceae_bacterium_28_4	Condition	Infected	-4.35356736842709	0.695003429149436	6	3	0.00331369264066314	0.122738364720831
METHYLENETHFDEHYDROG.NADP.RXN...expasy..Methylenetetrahydrofolate.dehydrogenase..NADP......1.5.1.5..g__Lachnospiraceae_unclassified.s__Lachnospiraceae_bacterium_28_4	Condition	Infected	-4.35356736842709	0.695003429149436	6	3	0.00331369264066314	0.122738364720831
RXN.11322...expasy..Pyridoxal.5.phosphate.synthase..glutamine.hydrolyzing...4.3.3.6..g__Staphylococcus.s__Staphylococcus_xylosus.3.40568.0.154621.2.47652.7.95228.0.0.377138.RXN.11322...expasy..Pyridoxal.5.phosphate.synthase..glutamine.hydrolyzing...4.3.3.6..unclassified	Condition	Infected	-0.745720058740628	0.119442000682724	6	6	0.00335446620535341	0.123869800851343
RXN.11633...expasy..16S.rRNA..adenine.1518..N.6..adenine.1519..N.6...dimethyltransferase..2.1.1.182..g__Romboutsia.s__Romboutsia_ilealis	Condition	Infected	1.16871758652851	0.187657217589905	6	5	0.00338521126196015	0.124625163540612
DXS.RXN...expasy..1.deoxy.D.xylulose.5.phosphate.synthase..2.2.1.7..g__Anaerotruncus.s__Anaerotruncus_sp_G3_2012	Condition	Infected	-3.04767239375113	0.489897948556636	6	2	0.00339908090315881	0.124756569391089
CITTRANS.RXN...expasy..Citrate.CoA.transferase..2.8.3.10..unclassified	Condition	Infected	-0.993096501377414	0.16164195421699	6	6	0.00355911655598242	0.130235709142172
HOMOSERINE.O.ACETYLTRANSFERASE.RXN...expasy..Homoserine.O.acetyltransferase..2.3.1.31..g__Adlercreutzia.s__Adlercreutzia_equolifaciens	Condition	Infected	-2.85248611287401	0.489897948556636	6	2	0.00433276316742383	0.158067552662161
X3.1.21.4.RXN...expasy..Type.II.site.specific.deoxyribonuclease..3.1.21.4..unclassified	Condition	Infected	1.51997309085884	0.261688137230222	6	6	0.00437171223685007	0.159009545383568
FGAMSYN.RXN...expasy..Phosphoribosylformylglycinamidine.synthase..6.3.5.3..g__Romboutsia.s__Romboutsia_ilealis	Condition	Infected	1.22144389309459	0.210949561667597	6	5	0.00442177237233399	0.160348823274579
RXN.20789...expasy..Acyl..acyl.carrier.protein...UDP.N.acetylglucosamine.O.acyltransferase..2.3.1.129..unclassified	Condition	Infected	1.94466361507522	0.342117743941618	6	6	0.00472919519083678	0.170985110899746
X3.4.21.89.RXN...expasy..Signal.peptidase.I..3.4.21.89..g__Romboutsia.s__Romboutsia_ilealis	Condition	Infected	1.29532087821889	0.22972994144997	6	5	0.00486989336178993	0.175548060708332
RXN.8769...expasy..Cobyrinate.a.c.diamide.synthase..glutamine.hydrolyzing...6.3.5.11..unclassified	Condition	Infected	1.48340774980201	0.263790150419391	6	6	0.00491718050716274	0.176726677456247
GLYCINE..TRNA.LIGASE.RXN...expasy..Glycine..tRNA.ligase..6.1.1.14..g__Lachnospiraceae_unclassified.s__Lachnospiraceae_bacterium_28_4	Condition	Infected	-2.74787142470583	0.489897948556636	6	2	0.00496297327959603	0.177844770303157
HIPPURATE.HYDROLASE.RXN...expasy..Hippurate.hydrolase..3.5.1.32..unclassified	Condition	Infected	-3.72452297454749	0.674353006388087	6	3	0.0052480967186495	0.187507219635052
RXN.8668...expasy..Peptide.methionine..S..S.oxide.reductase..1.8.4.11..unclassified	Condition	Infected	3.94225422411136	0.72374496201847	6	6	0.00551734266242231	0.196547218609585
NICONUCADENYLYLTRAN.RXN...expasy..Nicotinate.nucleotide.adenylyltransferase..2.7.7.18..g__Anaerotruncus.s__Anaerotruncus_sp_G3_2012	Condition	Infected	-2.66000753839344	0.489897948556636	6	2	0.00558091748732007	0.198228951924987
CYTDEAM.RXN...expasy..Cytosine.deaminase..3.5.4.1..g__Romboutsia.s__Romboutsia_ilealis	Condition	Infected	1.25082639587061	0.236915422011735	6	5	0.00617167863191499	0.217934027958467
RXN.14129...expasy..Cytosine.deaminase..3.5.4.1..g__Romboutsia.s__Romboutsia_ilealis	Condition	Infected	1.25082639587061	0.236915422011735	6	5	0.00617167863191499	0.217934027958467
PHOSGLYPHOS.RXN...expasy..Phosphoglycerate.kinase..2.7.2.3..g__Bifidobacterium.s__Bifidobacterium_pseudolongum	Condition	Infected	1.24795703015185	0.238817177039731	6	5	0.00640301489624267	0.225445687277009
X3.2.2.23.RXN...expasy..DNA.formamidopyrimidine.glycosylase..3.2.2.23..unclassified	Condition	Infected	2.75090074892431	0.530195754270094	6	6	0.00656798095021423	0.229254712590763
RXN.21266...expasy..DNA.formamidopyrimidine.glycosylase..3.2.2.23..unclassified	Condition	Infected	2.75090074892431	0.530195754270094	6	6	0.00656798095021423	0.229254712590763
RXN0.1321...expasy..tRNA.guanosine.34..preQ.1..transglycosylase..2.4.2.29..g__Oscillibacter.s__Oscillibacter_sp_1_3	Condition	Infected	-2.54406956151568	0.489897948556636	6	2	0.00654726416214179	0.229254712590763
X3.4.21.89.RXN...expasy..Signal.peptidase.I..3.4.21.89..g__Oscillibacter.s__Oscillibacter_sp_1_3	Condition	Infected	-2.53608567863459	0.489897948556636	6	2	0.0066210569897016	0.230443224882948
EXOPOLYPHOSPHATASE.RXN...expasy..Exopolyphosphatase..3.6.1.11..unclassified	Condition	Infected	-1.43277617328321	0.282627957612511	6	6	0.00713302575024526	0.247550738931148
